variable,Arbol,Bosque aleatorio,Gradient boosting,Lasso,Logistica,Perceptron multicapa,Ridge,media
T_GES,0.3395114894328694,0.32810215892906347,0.35442802143918384,0.3591687717405322,0.32655276428654945,0.23901099256306074,0.3255059154749942,0.3284136693527633
MUL_PARTO,0.06381091716071104,0.06284632270196722,0.06255242995809039,0.061763378967227944,0.031558747248927224,0.04043741880159424,0.03139862159656642,0.051910950461472094
NUMCONSUL,0.020782866440832094,0.03144908144632663,0.028027405566244824,0.018071587369037155,0.018252097088671183,0.030889234096662645,0.018256574760437527,0.024423866968444806
TIPO_PARTO,0.020088046131056258,0.024859995839168526,0.0231890774056125,0.013458417394002765,0.020429918608703957,0.013657326945449232,0.020302909918836976,0.019981348327381555
N_HIJOSV,0.012272134194368668,0.007237803237340801,0.014907070506344277,0.03809440944764808,0.03144754611243337,0.010709563661225907,0.03148818572446066,0.019754273800928247
SEXO,0.0040991416756959945,0.005799772367130263,0.005016347609934269,0.0065416915834307756,0.014232340508105724,0.005298785639544179,0.01423845558719673,0.007605567049345523
EDAD_MADRE,0.000831605355592957,0.0020018834848578803,0.0038648318834601627,0.004238022682038134,0.004681368141664977,0.006388101756090825,0.004699057585689581,0.003717156684290111
N_EMB,0.0012979453338687885,0.005904223585390733,0.0053156999641458145,0.0008529306173057139,0.0007180770497486888,0.004815593261427353,0.0006792852314888464,0.0031665642138144863
SEG_SOCIAL,0.0010511464094658195,0.003220366924671314,0.00388918329153336,0.0015609500982562974,0.0030474431670446944,0.0014544708586870514,0.0030645287231290896,0.002565077777773675
NIV_EDUM,0.0008705695395095691,0.004289050772136949,0.0021294113426028717,0.0015537087740922773,0.002149414759704171,0.0032566571488302,0.0021497566859716155,0.002278927222256523
NIV_EDUP,0.001511987111880897,0.002818307309590673,0.001221635220811601,0.0022016471031525487,0.003413236697892707,0.001803684420511209,0.003426042724610589,0.0022093035703651203
AREA_RES,0.0006033117430526369,0.000493664859092946,0.0008789867538680496,0.0004256024115972812,0.003056237544494844,0.0017963520065508386,0.0030983699839921886,0.0013753495166339892
MUL_PARTO_infrequent,,,,0.0017639076924483188,0.000529927089086324,0.0014621278692981909,0.0005294174951033237,0.0010713450364840393
EST_CIVM,0.0001672972140443263,0.00022747123544312187,0.0006274721594237475,-0.00018458306704942639,0.0024891770199854,0.0014584942380559628,0.002472431715582557,0.0009688287782519498
SIT_PARTO,0.0,1.3439875711984684e-05,0.0004205550518948553,0.00018409917023536336,0.00023174671703796168,0.0005044019088869089,0.0002368399661067833,0.00019852679144788526
T_GES_infrequent,,,,0.00017123185841150246,7.327068399651804e-05,0.00034760412807772757,7.413402769500533e-05,0.00016656017454518834
N_HIJOSV_infrequent,,,,8.801004479768171e-05,5.693807837786613e-05,0.0001757422089082028,5.844107861963099e-05,9.47828526758454e-05
NIV_EDUM_infrequent,,,,3.7041728028497364e-05,3.097778319248734e-05,7.033471917434752e-05,3.2522078453400824e-05,4.2719077212183264e-05
SEXO_infrequent,,,,2.543080137229481e-06,4.7521599740862894e-07,2.8374777979389697e-05,5.096557834205484e-07,7.975682474362089e-06
SIT_PARTO_infrequent,,,,5.034623261190862e-06,1.1388180895965938e-06,1.8451360342797152e-05,1.1747063994427265e-06,6.449877023256834e-06
EDAD_MADRE_infrequent,,,,3.493118680308882e-07,-6.445780040387206e-07,1.7160624619361186e-05,-8.310579159620524e-07,4.008575141847825e-06
TIPO_PARTO_infrequent,,,,0.0,-4.873423940043864e-06,4.448009271673659e-06,-5.030319609011791e-06,-1.3639335693454991e-06
NUMCONSUL_infrequent,,,,0.0,-6.403307514901701e-06,-1.6831223947577635e-06,-5.919083001282299e-06,-3.5013782277354414e-06
N_EMB_infrequent,,,,-2.083457220254381e-05,-2.943997412685473e-06,3.500418052970744e-06,-4.34026456319625e-06,-6.1546040313636976e-06
NIV_EDUP_infrequent,,,,-2.81565113824378e-07,-4.679103401727947e-06,-6.887590401772891e-05,-3.1182160208698128e-06,-1.9238697138537766e-05
