ANIO,n,pct_b3,prev_b3,share_bpn_b3,pct_b4,prev_b4,share_bpn_b4,prev_global
1998,627407,11.320562250660258,35.082927378706394,52.28832231665093,86.60614242429556,3.8082495817789987,43.422516000419684,7.595548025444408
1999,665132,10.378842094501543,36.77226833543378,52.20565552699229,87.72589501031374,3.65882709818284,43.905398457583544,7.310578952749229
2000,671770,11.300593953287583,35.13581157625734,52.25696485247443,86.83716152849934,3.8289454286135496,43.76004075075428,7.598136266877057
2001,637651,11.615915289084468,36.18787886970257,54.266798939120925,86.54891155193044,3.729977531347394,41.67594598424878,7.746086809242046
2002,624922,14.939464445162756,32.01799485861183,60.85257114938317,83.23758805098876,3.3267970086702423,35.22861447009487,7.860500990523617
2003,645406,15.312996780321225,32.30464125628598,62.16921429266868,82.9161798929666,3.2297728096631575,33.65592444747347,7.957006907280069
2004,665094,16.440533217860935,31.953907357446614,65.08941877794337,82.03832841673508,3.031713682481966,30.815946348733235,8.071039582374823
2005,674356,16.340775495435647,33.16575162212442,65.95502779181405,82.19708877803416,2.97293347838088,29.739045694073486,8.217024835546804
2006,674278,16.683623075348745,33.549344853947765,65.90817805563802,82.00994248663014,3.1021293910212937,29.95651642421808,8.492491227653876
2007,671785,17.1249730196417,33.63003398729171,66.75005607218647,81.72972007413087,3.056563360580496,28.953951795172618,8.627909226910395
2008,684054,18.226923605446352,32.939798848269994,68.59863036579254,80.74435643969628,2.949116025600406,27.207282445298144,8.752233010844174
2009,667945,17.915696651670423,34.65784217871259,68.8799574835581,81.09410205930129,3.020876410468482,27.17564605062114,9.014514668123873
2010,627364,17.89184588213541,34.782221351127426,69.1143408451203,81.20835750855963,2.9813218390804597,26.888420754483175,9.004182579810125
2011,637114,18.08028076607954,34.98767275505244,70.47457508568232,81.07434462278336,2.7976752830393234,25.269287263062182,8.97610160818943
2012,647468,18.55597496710262,34.62594886136636,71.99771551201952,80.6847597101324,2.6295539118849636,23.774251051383672,8.924147602661444
2013,631187,18.955238304971427,34.70658542497262,73.98485523385301,80.36287185889444,2.4215361564545383,21.885077951002227,8.891976545778034
2014,642940,19.13024543503282,34.203551335002764,75.36006018916595,80.23905807695897,2.2134606475423975,20.455359701920322,8.682614240831182
2015,632443,19.38577863933983,34.635900949398064,76.53281908950005,80.02507735875011,2.122648499445776,19.36164077424936,8.77328075415492
2016,619497,19.67128170112204,34.64628312120988,75.66758665185132,79.73097529124435,2.2642838777076153,20.043729165919924,9.00698469887667
2017,629079,19.843294721330707,34.80813906913402,76.59938298810049,79.58237359695683,2.178828530109701,19.22961657117673,9.017150469177956
2018,617991,20.22958263146227,34.82326403609109,77.18287385870048,79.20034434158427,2.1454650210133397,18.61714387022427,9.127155573463044
2019,612263,20.983629584018633,34.79120451449698,78.11331306140995,78.50139564206884,2.1610993789466018,18.152109328579918,9.345983670416144
2020,599482,20.980613262783535,34.10137149672033,78.89015597410241,78.47791927030336,1.9827360822682432,17.157151265450263,9.069163044094736
2021,591612,23.396415218082122,33.579210495896426,80.51518353630017,76.08449456738538,2.0338794779227993,15.859130043134062,9.757577601536143
2022,551498,24.899274340070136,33.81542248341453,81.2809606329535,74.59392418467519,2.082725628609766,14.997636926954787,10.35887709474921
2023,494490,26.3340006875771,33.79998310538401,81.93834239332787,73.19500899917087,2.160290875333617,14.556184377094349,10.862909260045704
2024,432410,27.288453088503967,33.552263597688096,82.33031109632341,72.25411068199163,2.1911827778026716,14.236399933455331,11.120926898082837
