ANIO,esquema_declarado,cod_5,cod_4,cod_2,cod_3,cod_NaN,cod_6,cod_7,cod_8,cod_1,cod_170,cod_9,cod_13,cod_10,cod_11,cod_12,salto_vs_anio_anterior_pp
1998,1998-2007,28.220737214695475,19.14092407043707,16.963621938905717,16.431709996338338,6.870332767440054,5.74561987505964,4.006746335563618,2.3560855719405702,0.26422222961952,0.0,0.0,0.0,0.0,0.0,0.0,
1999,1998-2007,28.583987542113714,20.44521933974275,16.850309704982884,16.43191984926172,5.148393045240246,5.906908927169074,4.134581623545619,2.3040925014138414,0.1945874665301517,0.0,0.0,0.0,0.0,0.0,0.0,1.9568797897387378
2000,1998-2007,28.301856717417117,21.613529675864797,16.602331988193946,15.898059864458833,4.918747027897252,6.091249863847807,4.160678184035259,2.236349580385583,0.1771970978994041,0.0,0.0,0.0,0.0,0.0,0.0,1.3787478332904217
2001,1998-2007,27.764700359924287,22.484292141998207,16.075099507261303,15.231410469696364,5.664493130789058,6.265195307592373,4.189452437392917,2.128896245991062,0.19646039935442808,0.0,0.0,0.0,0.0,0.0,0.0,1.8384915675824633
2002,1998-2007,27.757243506006812,23.81409226859684,15.78830902770342,14.837498483128822,4.659685490145691,6.586147575504493,4.2615157290618235,2.085501566838698,0.2100063530133984,0.0,0.0,0.0,0.0,0.0,0.0,1.736361639838631
2003,1998-2007,27.61241701866605,24.985296228236304,15.476106722648876,14.383384315789177,4.141961046964832,6.878410360460502,4.328396430571463,2.00435625620865,0.18967162045414251,0.0,0.0,0.0,0.0,0.0,0.0,1.5303474461051123
2004,1998-2007,27.08937503716642,26.17082861406253,15.294724512134577,13.866980869839399,3.4975847014032655,7.229162258556573,4.503671004938466,1.943025782085164,0.398562299214907,0.006084920598700869,0.0,0.0,0.0,0.0,0.0,1.9265344576487626
2005,1998-2007,27.37663340592915,27.69039735099338,14.211881639183963,13.257394773101028,2.8881839192853014,7.593531934752655,4.829242410773812,1.8611938308369262,0.29042957464776215,0.0011111604960220454,0.0,0.0,0.0,0.0,0.0,2.49676818772501
2006,1998-2007,27.509412835047943,28.80327524669326,13.310938484148647,12.269018125831058,2.7882986913010006,8.0032192595703,5.1915459444327805,1.8240604660927986,0.29813142977115265,0.0020995171110644553,0.0,0.0,0.0,0.0,0.0,2.0263383950337164
2007,1998-2007,27.167456464759404,30.06712696315701,12.417289740050448,11.09434856109174,2.96438647422006,8.393901752971084,5.662013414113159,1.7463443933265,0.4871322363105972,0.0,0.0,0.0,0.0,0.0,0.0,2.490090269003417
2008,2008-2011/2014-2019,0.9210947469645107,24.87333200084422,22.76990941403558,30.58663532055914,2.390513422964192,0.18869164012171308,3.3015446157888775,2.630221691711405,0.2855533487175258,0.0,9.834049196802585,1.6572716866097423,0.4805347101766294,0.06611195983523725,0.014536244868635678,42.78128753013027
2009,2008-2011/2014-2019,1.0110392626201279,27.654889071487265,21.021471187167304,28.523311064270658,3.003822657282698,0.1959201171805223,3.7785002322174988,3.1301489764567183,0.18034368189775285,0.0,9.252259654889071,1.5500696652495445,0.5983351791647316,0.08116894716158765,0.018720302954521095,4.605963713250247
2010,2008-2011/2014-2019,1.2645369042217933,29.404989406180924,19.799824938476416,27.079543006933722,3.0017093703742743,0.17399221235909915,4.109974076840705,3.1387339660600615,0.24151157834919734,0.0,9.64824243424118,1.3644411244876853,0.66113985521526,0.09898766778638829,0.012373458473298536,2.8814308830007542
2011,2008-2011/2014-2019,1.5989505619091837,30.848280763757725,18.576286365569295,25.975546169115205,3.6099227797487297,0.15026318597022686,4.5879858572289365,2.827352107215788,0.2844482110416395,0.0,9.42585939272636,1.3598818330305529,0.6447793309982434,0.09977475548423062,0.010668686203886108,2.9076539254171627
2012,2012-2013,1.88701825407965,32.20090568602392,17.231082907946547,25.29080204185658,3.7325197426256027,0.11701522527647064,4.96797594687036,2.9370526051401007,0.26638693329984414,0.0,9.371412530380372,1.2234887380232995,0.6610178256148102,0.102536068613473,0.010785494248967622,2.2720967806701657
2013,2012-2013,1.8948598662791138,33.02814817063453,16.04195284099964,24.589161170854617,3.4826625786426044,0.10958737771976292,5.462065615821867,3.2355597380224186,0.2984055188324846,0.0,9.782570749884266,1.2312642770951756,0.70594306616983,0.12734599710094333,0.010473031942747426,2.1483684117947957
2014,2008-2011/2014-2019,1.9861403569074794,33.59102844410039,14.871842388031151,23.9040734558095,3.2881158865822693,0.1104407617573083,6.077081374965067,3.486580476046011,0.28110835299796605,0.0,10.271289735883684,1.1434130828216045,0.8155280607708139,0.16185026384731377,0.011507359479448902,2.154893220182034
2015,2008-2011/2014-2019,2.0922875828859047,34.06903792592727,13.421805479282117,22.43422456009767,3.7505351747884643,0.09546156650766492,7.015593064437314,3.7325321218337697,0.26989450816113186,0.0,10.920893980172435,1.0298048862403726,0.9305611657506289,0.2210290787126758,0.01633890520257973,3.059687041128569
2016,2008-2011/2014-2019,2.3438622067855714,33.61759695824537,12.855027095646317,22.548612322998018,3.8182545430958994,0.10532476938971864,7.531184316802081,3.9326909860838493,0.26732723726334745,0.0,10.751774845912333,0.9641386148094039,0.9961066899760779,0.2531192038559367,0.014980209136074351,1.2569307239730578
2017,2008-2011/2014-2019,2.4013863171230874,33.7270672936361,12.32868994250073,22.375529919111198,3.5452806743982066,0.09395404931293246,7.985028262352597,4.137023681902349,0.28962820387876426,0.0,10.588179758308156,1.2017590878082058,1.024053454828964,0.2853644868921158,0.0170548679465939,1.1473592334110612
2018,2008-2011/2014-2019,2.4698242992381934,33.088281737442514,11.986782003188958,22.241359389322383,4.250710582870524,0.11461759472512574,8.152946704359012,4.2695054035109345,0.27653035286505473,0.0,10.561918920376206,1.1873088743905162,1.0651425402278487,0.31766328000431354,0.017408317478412916,1.1686729276575187
2019,2008-2011/2014-2019,2.4199421155821117,33.79360781750848,11.678648118756419,21.837052251579372,4.212803037375906,0.08387016462826379,8.252886440730713,4.282824510627703,0.26919366383468707,0.0,10.691345345906079,1.0587246755671738,1.0621479475928173,0.3361030716086266,0.020850838701646283,0.9698936619118542
2020,2020,2.610255448822851,34.762043971897135,11.668059523166434,21.521539493042603,4.062586391527195,0.08230034222960843,8.211286268553325,4.066399534796521,0.24960200317126416,0.0,10.494882443970626,0.9186497659683318,0.9993612985023879,0.33349115509642485,0.01954235925529312,1.1587494876293931
2021,2021-2023,2.6595279082659817,34.18888208080867,12.074292364900131,22.251561806021584,3.356221450639797,0.08672197421358568,7.944705420852825,4.2837413318550075,0.2883708264036802,0.0,10.271285786997863,1.1314380934781834,1.0678960114375748,0.37817264643045867,0.01718229769465436,1.772064398209764
2022,2021-2023,2.5384179559816955,33.55972978862497,11.01416430594901,21.6960557855742,3.176988450642842,0.1288298104162127,8.620091523207671,4.892394857267378,0.2158204401830464,0.0,11.36613641316191,1.1244279799520593,1.2260623229461758,0.4194377860100239,0.021442580082806712,2.624689823610206
2023,2021-2023,2.03472414843206,33.613099821743425,10.072951358648742,20.877355983621342,3.4890960897994177,0.12278173364704421,8.842418470407274,5.59907981588559,0.12588522138535813,0.0,12.24325912764839,1.0324915769403102,1.446613222021573,0.4779371117003427,0.022306318119131256,2.4515262553813653
2024,2024,1.9270722029693699,32.964016382427005,9.032806713358198,19.98012782523061,4.1817488835671215,0.15509990063912615,9.353361195502984,6.033914884523277,0.10090306035897695,0.0,13.128413464610125,0.9301587791170322,1.6219395859449526,0.5668636993529426,0.023573422398276277,2.821423147310044
