variable,escala,regimen,codigo,etiqueta_dane,nivel_comun,etiqueta_comun,n,pct_del_regimen,estado
NIV_EDUM,EDUC4,1998-2007,1,Preescolar,0,Ninguno o preescolar,17862,0.27,mapeado
NIV_EDUM,EDUC4,1998-2007,2,Primaria completa,1,Primaria,1029454,15.71,mapeado
NIV_EDUM,EDUC4,1998-2007,3,Primaria incompleta,1,Primaria,934640,14.26,mapeado
NIV_EDUM,EDUC4,1998-2007,4,Secundaria completa,2,Secundaria,1717598,26.21,mapeado
NIV_EDUM,EDUC4,1998-2007,5,Secundaria incompleta,2,Secundaria,1922642,29.34,mapeado
NIV_EDUM,EDUC4,1998-2007,6,Universitaria completa,3,Superior,484214,7.39,mapeado
NIV_EDUM,EDUC4,1998-2007,7,Universitaria incompleta,3,Superior,318992,4.87,mapeado
NIV_EDUM,EDUC4,1998-2007,8,Ninguno,0,Ninguno o preescolar,128146,1.96,mapeado
NIV_EDUM,EDUC4,2008-2024,1,Preescolar,0,Ninguno o preescolar,3591,0.03,mapeado
NIV_EDUM,EDUC4,2008-2024,1,Preescolar,0,Ninguno o preescolar,22102,0.22,mapeado
NIV_EDUM,EDUC4,2008-2024,2,Básica primaria,1,Primaria,218097,2.12,mapeado
NIV_EDUM,EDUC4,2008-2024,2,Básica primaria,1,Primaria,1328770,12.94,mapeado
NIV_EDUM,EDUC4,2008-2024,3,Básica secundaria,2,Secundaria,331070,3.22,mapeado
NIV_EDUM,EDUC4,2008-2024,3,Básica secundaria,2,Secundaria,2213867,21.56,mapeado
NIV_EDUM,EDUC4,2008-2024,4,Media académica o clásica,2,Secundaria,434332,4.23,mapeado
NIV_EDUM,EDUC4,2008-2024,4,Media académica o clásica,2,Secundaria,3008757,29.31,mapeado
NIV_EDUM,EDUC4,2008-2024,5,Media técnica,2,Secundaria,25175,0.25,mapeado
NIV_EDUM,EDUC4,2008-2024,5,Media técnica,2,Secundaria,187545,1.83,mapeado
NIV_EDUM,EDUC4,2008-2024,6,Normalista,3,Superior,1495,0.01,mapeado
NIV_EDUM,EDUC4,2008-2024,6,Normalista,3,Superior,11814,0.12,mapeado
NIV_EDUM,EDUC4,2008-2024,7,Técnica profesional,3,Superior,69481,0.68,mapeado
NIV_EDUM,EDUC4,2008-2024,7,Técnica profesional,3,Superior,637611,6.21,mapeado
NIV_EDUM,EDUC4,2008-2024,8,Tecnológica,3,Superior,41118,0.4,mapeado
NIV_EDUM,EDUC4,2008-2024,8,Tecnológica,3,Superior,370912,3.61,mapeado
NIV_EDUM,EDUC4,2008-2024,9,Profesional,3,Superior,989972,9.64,mapeado
NIV_EDUM,EDUC4,2008-2024,9,Profesional,3,Superior,127547,1.24,mapeado
NIV_EDUM,EDUC4,2008-2024,10,Especialización,3,Superior,98373,0.96,mapeado
NIV_EDUM,EDUC4,2008-2024,11,Maestría,3,Superior,25953,0.25,mapeado
NIV_EDUM,EDUC4,2008-2024,12,Doctorado,3,Superior,1728,0.02,mapeado
NIV_EDUM,EDUC4,2008-2024,13,Ninguno,0,Ninguno o preescolar,117240,1.14,mapeado
NIV_EDUP,EDUC4,1998-2007,1,Preescolar,0,Ninguno o preescolar,10539,0.18,mapeado
NIV_EDUP,EDUC4,1998-2007,2,Primaria completa,1,Primaria,987634,16.77,mapeado
NIV_EDUP,EDUC4,1998-2007,3,Primaria incompleta,1,Primaria,834349,14.17,mapeado
NIV_EDUP,EDUC4,1998-2007,4,Secundaria completa,2,Secundaria,1733239,29.43,mapeado
NIV_EDUP,EDUC4,1998-2007,5,Secundaria incompleta,2,Secundaria,1384240,23.5,mapeado
NIV_EDUP,EDUC4,1998-2007,6,Universitaria completa,3,Superior,526644,8.94,mapeado
NIV_EDUP,EDUC4,1998-2007,7,Universitaria incompleta,3,Superior,259236,4.4,mapeado
NIV_EDUP,EDUC4,1998-2007,8,Ninguno,0,Ninguno o preescolar,153882,2.61,mapeado
NIV_EDUP,EDUC4,2008-2024,1,Preescolar,0,Ninguno o preescolar,3388,0.04,mapeado
NIV_EDUP,EDUC4,2008-2024,1,Preescolar,0,Ninguno o preescolar,22204,0.23,mapeado
NIV_EDUP,EDUC4,2008-2024,2,Básica primaria,1,Primaria,239520,2.53,mapeado
NIV_EDUP,EDUC4,2008-2024,2,Básica primaria,1,Primaria,1505929,15.91,mapeado
NIV_EDUP,EDUC4,2008-2024,3,Básica secundaria,2,Secundaria,244204,2.58,mapeado
NIV_EDUP,EDUC4,2008-2024,3,Básica secundaria,2,Secundaria,1716845,18.14,mapeado
NIV_EDUP,EDUC4,2008-2024,4,Media académica o clásica,2,Secundaria,419062,4.43,mapeado
NIV_EDUP,EDUC4,2008-2024,4,Media académica o clásica,2,Secundaria,2996776,31.67,mapeado
NIV_EDUP,EDUC4,2008-2024,5,Media técnica,2,Secundaria,22251,0.24,mapeado
NIV_EDUP,EDUC4,2008-2024,5,Media técnica,2,Secundaria,163464,1.73,mapeado
NIV_EDUP,EDUC4,2008-2024,6,Normalista,3,Superior,779,0.01,mapeado
NIV_EDUP,EDUC4,2008-2024,6,Normalista,3,Superior,7401,0.08,mapeado
NIV_EDUP,EDUC4,2008-2024,7,Técnica profesional,3,Superior,48782,0.52,mapeado
NIV_EDUP,EDUC4,2008-2024,7,Técnica profesional,3,Superior,432457,4.57,mapeado
NIV_EDUP,EDUC4,2008-2024,8,Tecnológica,3,Superior,32030,0.34,mapeado
NIV_EDUP,EDUC4,2008-2024,8,Tecnológica,3,Superior,284338,3.0,mapeado
NIV_EDUP,EDUC4,2008-2024,9,Profesional,3,Superior,917877,9.7,mapeado
NIV_EDUP,EDUC4,2008-2024,9,Profesional,3,Superior,122901,1.3,mapeado
NIV_EDUP,EDUC4,2008-2024,10,Especialización,3,Superior,79495,0.84,mapeado
NIV_EDUP,EDUC4,2008-2024,11,Maestría,3,Superior,27507,0.29,mapeado
NIV_EDUP,EDUC4,2008-2024,12,Doctorado,3,Superior,3268,0.03,mapeado
NIV_EDUP,EDUC4,2008-2024,13,Ninguno,0,Ninguno o preescolar,171945,1.82,mapeado
EST_CIVM,ESTCIV5,1998-2007,1,Soltera,3,Soltera,1036877,15.68,mapeado
EST_CIVM,ESTCIV5,1998-2007,2,Casada,1,Casada,1659469,25.09,mapeado
EST_CIVM,ESTCIV5,1998-2007,3,Viuda,5,Viuda,21751,0.33,mapeado
EST_CIVM,ESTCIV5,1998-2007,4,En unión libre,2,Union libre,3856462,58.3,mapeado
EST_CIVM,ESTCIV5,1998-2007,5,Separada o divorciada,4,Separada o divorciada,40177,0.61,mapeado
EST_CIVM,ESTCIV5,2008-2024,1,No está casada y lleva dos o más años viviendo con su pareja,2,Union libre,5147084,49.6,mapeado
EST_CIVM,ESTCIV5,2008-2024,2,No está casada y lleva menos de dos años viviendo con su pareja,2,Union libre,2092730,20.16,mapeado
EST_CIVM,ESTCIV5,2008-2024,3,"Está separada, divorciada",4,Separada o divorciada,40693,0.39,mapeado
EST_CIVM,ESTCIV5,2008-2024,4,Está viuda,5,Viuda,13836,0.13,mapeado
EST_CIVM,ESTCIV5,2008-2024,5,Está soltera,3,Soltera,1462296,14.09,mapeado
EST_CIVM,ESTCIV5,2008-2024,6,Está casada,1,Casada,1621543,15.62,mapeado
SEG_SOCIAL,SEG4,1998-2007,1,Contributivo,1,Contributivo,2387669,37.27,mapeado
SEG_SOCIAL,SEG4,1998-2007,2,Subsidiado,3,Subsidiado,2146681,33.51,mapeado
SEG_SOCIAL,SEG4,1998-2007,3,Vinculado,4,No asegurado,1620380,25.29,mapeado
SEG_SOCIAL,SEG4,1998-2007,4,Particular,4,No asegurado,200425,3.13,mapeado
SEG_SOCIAL,SEG4,1998-2007,5,Otro,,—,50791,0.79,SIN MAPEAR
SEG_SOCIAL,SEG4,2008-2024,1,Contributivo,1,Contributivo,4134178,39.12,mapeado
SEG_SOCIAL,SEG4,2008-2024,2,Subsidiado,3,Subsidiado,5491277,51.97,mapeado
SEG_SOCIAL,SEG4,2008-2024,3,Excepción,2,Especial o de excepcion,227312,2.15,mapeado
SEG_SOCIAL,SEG4,2008-2024,4,Especial,2,Especial o de excepcion,9431,0.09,mapeado
SEG_SOCIAL,SEG4,2008-2024,5,No asegurado,4,No asegurado,705007,6.67,mapeado
