ANIO,global,tges3,n3,tges4,n4,tges5,n5
1998,0.0015210833301495374,0.02488441365690342,71026,-0.025300793624548252,543373,,11163
1999,0.0032097075453592834,0.024379573757848202,69033,-0.03054171603057318,583493,,10896
2000,0.005183600130221185,0.01941625254522903,75914,-0.022857644549804462,583346,,10625
2001,0.003768008294083258,0.018165188596123264,74069,-0.03413854784165314,551880,,9865
2002,0.008306282259233168,0.020964349120415317,93360,-0.03759423037065586,520170,,9586
2003,0.008249937149028589,0.018453794199891516,98831,-0.03304618015841278,535146,,9425
2004,0.01315668870253049,0.019124656332263908,109345,-0.0333916998604136,545632,,8016
2005,0.013170811030266601,0.01729487638825316,110195,-0.03256597828572024,554301,,7576
2006,0.013306758552830028,0.015907688775246964,112494,-0.023780375057251266,552975,,6544
2007,0.013202395001278282,0.01572115517876074,115043,-0.03388617710410521,549048,,5296
2008,0.01577024060445215,0.016921119302182364,124682,-0.028128758378925825,552335,,4599
2009,0.019465710457820674,0.016182685842799208,119667,-0.03430617296302676,541664,,4224
2010,0.018506366844709448,0.01832525953475473,112247,-0.03579276586091187,509472,,3381
2011,0.019277090179174478,0.014159289884093752,115192,-0.03554318025644708,516536,,2963
2012,0.01693911242281731,0.010893574185821289,120144,-0.044934298999253795,522408,,2490
2013,0.011205387644071372,0.009769814725185746,119643,-0.053881712047522914,507240,,1970
2014,0.015493972302517157,0.009242421959471158,122996,-0.03830956849471819,515889,,1697
2015,0.004629661448412264,0.002520013497442552,122604,-0.04902694617902561,506113,,1426
2016,0.0011166534742383578,0.006246778581879586,121863,-0.06526740043465906,493931,,1245
2017,0.0003026176029484149,-0.0019562700644675714,124830,-0.056621032685221485,500636,,1228
2018,0.00555023941312285,0.004596076989346641,125017,-0.05869691508322888,489451,,1164
2019,-0.000465442317660594,0.0008207998238699495,128475,-0.07592669620542036,480635,,1018
2020,-0.00035971816987286174,0.00576041274044271,125775,-0.06525779987202275,470461,,1101
2021,-0.0015506129395771021,0.002060856499556089,138416,-0.07959904868952136,450125,,993
2022,-0.006506731861860028,-0.00044945557210606307,137319,-0.08932281406329891,411384,,675
2023,-0.013297568723114443,-0.004760564750755768,130219,-0.09867624227187866,361942,,451
2024,-0.014790043724307145,-0.0052925746428083556,117998,-0.10790552034995875,312434,,337
