ANIO,ci_crudo,ci_estandarizado_edad,ci_banda_2,ci_banda_3,ci_banda_4,ci_banda_5,ci_banda_6
1998,0.0015210833301495374,0.007769515986971136,0.004646602633294882,0.009268145883013423,0.012731878903511342,0.006745743520596023,-0.0018299105467577481
1999,0.0032097075453592834,0.007054216734623286,0.004915606655933073,0.010225963601222486,0.0048496029348281035,0.003945851534139763,0.014205839373354475
2000,0.005183600130221185,0.010089977943703754,0.0034979667722616686,0.014183783354520973,0.010308242552047875,0.01212007770065995,0.00934361028952191
2001,0.003768008294083258,0.01092224308017021,0.003529429788536764,0.014080775619417353,0.02097417487413097,0.008504618337357741,-0.005077302563143783
2002,0.008306282259233168,0.01285273094581855,0.006509496939315347,0.012884822278515432,0.022342708611290524,0.017127049357138678,-0.005867147385359256
2003,0.008249937149028589,0.013697466609650563,0.004973459307831939,0.01675806396903938,0.016957420708656364,0.01943736574354759,0.006612965096893117
2004,0.01315668870253049,0.01899218327362039,0.01930392306831516,0.01755582947908689,0.029848230064618782,0.015681271810981494,-0.003112380541422464
2005,0.013170811030266601,0.018590537218678944,0.014240441943573429,0.01788712452758026,0.020098152697016883,0.025016255431481144,0.016946417070767654
2006,0.013306758552830028,0.019997003794592797,0.009139162432420347,0.0281955920098285,0.027158785141513913,0.015090354028943294,0.008747057824420226
2007,0.013202395001278282,0.017788739735794024,0.003967430484578136,0.021002546929128646,0.01762780202383948,0.024157877744983406,0.03481730368091839
2008,0.01577024060445215,0.022911533297200425,0.012311691697258778,0.025509789373457117,0.02554064387609432,0.02952931673683551,0.02348982041169042
2009,0.019465710457820674,0.02573823923905195,0.009578082692977285,0.02566892103097789,0.03526111947126711,0.03812391596815986,0.02074016500648417
2010,0.018506366844709448,0.024079938383164377,0.015040434553571569,0.023038824795683185,0.031202581702252832,0.027046569277218706,0.02763352600304665
2011,0.019277090179174478,0.022749819508023766,0.0077018158310785,0.02336685608442504,0.023676941482520333,0.035605092731274934,0.0372238612029335
2012,0.01693911242281731,0.022299786119805588,0.010595458774351764,0.024554799583644305,0.0286992491608659,0.02855356719840516,0.01668790953286841
2013,0.011205387644071372,0.01678013473914475,0.005733015135279723,0.022532349322508027,0.015549966114537567,0.02887610251479412,0.007275458725647478
2014,0.015493972302517157,0.018874547349889567,0.011739454181879378,0.01748127437262408,0.025673569261584955,0.014667067138986285,0.03345937552946136
2015,0.004629661448412264,0.01008666768038489,-0.0012450402626404272,0.0046415892353783425,0.02007662242679488,0.014119683324275894,0.026786650149369012
2016,0.0011166534742383578,0.006223764432103421,-0.001952118796918932,0.0050518391268446145,0.007229870946541431,0.01562216734587949,0.01356258570593472
2017,0.0003026176029484149,0.005317927645378087,-0.004683642575512461,0.011423089147673504,0.0060052709278877745,0.004558884346225751,0.011225717460865373
2018,0.00555023941312285,0.007738129519832618,-0.0091549931699637,0.011775290635792982,0.012833583905905208,0.012051291929220515,0.018816986525365034
2019,-0.000465442317660594,0.0037652535029041906,-0.009355480041785972,0.008796282290362868,0.01132189567843748,0.005635243876798638,-0.0031240205710330216
2020,-0.00035971816987286174,0.0023876843314385053,-0.010003275775918087,0.008527736763959518,0.004788277294306817,0.003026432215111674,0.007312862589245974
2021,-0.0015506129395771021,0.0029530127023564366,-0.011700917299125244,0.012754473674626813,0.009364079221215354,0.00012172922330527855,-0.004909209279865467
2022,-0.006506731861860028,-3.591410638673015e-05,-0.007279000964388634,0.005233275871601617,0.009748286868685509,-0.007295639274381023,-0.014154852321880696
2023,-0.013297568723114443,-0.007331459692793414,-0.012768784171154991,-0.006156213156559494,-1.2061917366321364e-05,-0.009410721046223284,-0.013790329095202563
2024,-0.014790043724307145,-0.007093464220453013,-0.024291313093993294,0.001727415932296381,-0.004013575239735964,-0.006380780767330717,-0.0002976774909199558
