anio,n,banda_28_37,pretermino,semana_37,pct_sem37
2008,696179,18.251627814111025,8.76469988321969,9.486927930891337,51.978530504312786
2009,683775,17.96000146246938,8.64494899638039,9.315052466088991,51.86554402879338
2010,643656,17.93318169954137,8.40681979193855,9.52636190760282,53.12142634369477
2011,658658,18.0755414797968,8.611449340932623,9.464092138864176,52.35855395780137
2014,663940,19.11633581347712,8.898545049251439,10.217790764225683,53.45057161541431
2015,655866,19.354258339355905,8.974851570290273,10.379406769065632,53.62854306826955
2016,641076,19.737441426601528,9.083634389682347,10.65380703691918,53.97764992254924
2017,649493,19.83993668907902,9.024115733348935,10.815820955730086,54.51540055409401
2018,637947,20.196505352325506,9.131949832823103,11.064555519502404,54.78450517296244
2019,625040,20.957378727761423,9.301164725457571,11.656214002303853,55.618663735189934
2021,598057,23.450273134500556,10.283802380040699,13.166470754459858,56.146342854698176
2022,561858,24.983002822777287,10.565480957822084,14.417521864955201,57.709323283631
2023,504150,26.41237726867004,10.657344044431222,15.755033224238819,59.6501899998498
2024,439899,27.318543574775116,10.645398148211294,16.673145426563824,61.032336445487374
