ANIO,n_munis,erreygers,er_inf,er_sup,ee_er
1998,1113,0.0012294497142355532,-0.006825236167698072,0.005139193465980683,0.0038506118331347984
1999,1128,0.0012284569689423042,-0.0054265223372920775,0.005165862744159766,0.0031382345720913103
2000,1136,0.0018079580631353842,-0.004440958464809791,0.005486229226140056,0.0029539090315614785
2001,1142,0.0015963896438175305,-0.004504144991015045,0.004891444845631703,0.002853296883501257
2002,1146,0.0030416818950301794,-0.004029793221423122,0.00681425752541762,0.003394082782080408
2003,1146,0.0031637769405705174,-0.003950082816032751,0.007123016107889529,0.003374856531348328
2004,1147,0.004418751623427808,-0.0026765862108927077,0.008221338834117933,0.003294322815244253
2005,1148,0.004832332882738988,-0.0018874538641019177,0.008180824286672578,0.003034836991986402
2006,1146,0.004851058117669171,-0.001175973311426684,0.008151293204774906,0.002860346215681729
2007,1143,0.00468775788716741,-0.0022211707956619293,0.008526925003784101,0.0032386760648939134
2008,1118,0.005886156233149753,-0.0006949928759002758,0.009140124561559377,0.0028445911315147974
2009,1118,0.007255346716921129,-0.0005905084716724808,0.012067403263821606,0.0038599430806561196
2010,1117,0.006754481555539926,0.0010971238298063569,0.009504938622375178,0.0025090753828973873
2011,1117,0.00693944604522212,0.0008205623050133032,0.010050367072915149,0.0027175471318386015
2012,1124,0.005934741435679403,5.7151314354982056e-05,0.009274452172758754,0.002754473534823651
2013,1122,0.00388128382453895,-0.002081959957904633,0.007914189071082585,0.0029347306237360498
2014,1119,0.005260850137866535,-0.0006003455030633151,0.009561809567665974,0.0029774020482650648
2015,1120,0.0016129458547278765,-0.0036713453994937865,0.00515118133129603,0.002457273040388513
2016,1120,0.00044160898291556455,-0.004342361946222796,0.003551001441392741,0.00226578571695859
2017,1121,0.00011888039229657199,-0.004573287668218058,0.002839290195967919,0.002007023554324926
2018,1122,0.0020271425882975036,-0.00454591635095992,0.0067860006894185,0.0031468711463369515
2019,1121,-0.00018798836044719994,-0.006200802360766246,0.0039887660130833134,0.0030248005659937933
2020,1121,-0.00016736022199154155,-0.006364182032353965,0.004377175158180214,0.0031040835601893243
2021,1121,-0.0005768096904628095,-0.006280454514476933,0.00353564180994782,0.0027641572788282393
2022,1120,-0.002811702813606598,-0.009445987454295849,0.0022028271190564254,0.0032126098303919457
2023,1120,-0.005811407149206971,-0.011024124599757035,-0.0026916053186188463,0.0021637904197820204
2024,1119,-0.006507470505135782,-0.012890249513687188,-0.002251318868561955,0.0028953972898080062
