codigo,territorio,posicion_1998,posicion_2024,cambio_posicion,valor_1998,valor_2024,cambio_valor
11,Santafe De Bogota D.C,1,1,0,11.25429743817234,16.451458632233383,5.197161194061042
25,Cundinamarca,9,2,7,7.3209675227612445,14.509325044404973,7.188357521643728
52,Nariño,14,3,11,6.851053032225324,13.137462502205752,6.286409469980428
17,Caldas,23,4,19,6.154408628359027,11.970753273252848,5.816344644893821
44,La Guajira,8,5,3,7.474850375652617,11.870419913923461,4.395569538270845
15,Boyaca,7,6,1,7.52988047808765,11.680187664939888,4.150307186852238
05,Antioquia,6,7,-1,7.957567885198244,11.268282370125503,3.310714484927259
27,Choco,2,8,-6,10.188189487345879,11.214782290523233,1.0265928031773548
66,Risaralda,21,9,12,6.1915511125443405,10.89778258518118,4.706231472636839
76,Valle Del Cauca,13,10,3,6.926211711260313,10.715043496711225,3.7888317854509115
08,Atlantico,15,11,4,6.786790046403082,10.515251127589634,3.728461081186552
70,Sucre,10,12,-2,7.271147161066048,10.350987810004202,3.0798406489381547
23,Cordoba,11,13,-2,7.140534262485482,10.182232346241458,3.0416980837559757
19,Cauca,17,14,3,6.495033978044956,9.933827632942677,3.4387936548977205
47,Magdalena,19,15,4,6.260182980323349,9.791758972086841,3.531575991763492
13,Bolivar,12,16,-4,7.002555398756627,9.785271064663618,2.7827156659069914
88,Archipielago De San Andres Providencia Y Santa Catalina,16,17,-1,6.619593998234776,9.515859766277128,2.896265768042352
91,Amazonas,30,18,12,4.766949152542373,9.417040358744394,4.650091206202021
68,Santander,20,19,1,6.217679997552095,9.41309133866724,3.195411341115145
63,Quindio,18,20,-2,6.400721208023439,9.398496240601503,2.9977750325780637
20,Cesar,29,21,8,5.179224579370885,9.184228416043508,4.005003836672623
99,Vichada,5,22,-17,8.012326656394453,8.953817153628654,0.9414904972342004
73,Tolima,24,23,1,5.896696962979384,8.528746038931644,2.63204907595226
86,Putumayo,27,24,3,5.389221556886228,8.398950131233596,3.009728574347368
94,Guainia,3,25,-22,9.701492537313433,7.959479015918958,-1.7420135213944752
41,Huila,31,26,5,4.7536394176931696,7.9201048816225805,3.166465463929411
95,Guaviare,4,27,-23,8.656447249774573,7.817258883248732,-0.8391883665258408
50,Meta,33,28,5,4.176151286990019,7.563969571230982,3.3878182842409625
54,Norte De Santander,25,29,-4,5.783573112640139,7.55580995993131,1.7722368472911718
81,Arauca,26,30,-4,5.555555555555555,7.402282947077136,1.846727391521581
85,Casanare,28,31,-3,5.195099818511797,7.065687121866897,1.8705873033550997
97,Vaupes,22,32,-10,6.161137440758294,6.699751861042183,0.5386144202838894
18,Caqueta,32,33,-1,4.686595949855351,5.596005824838777,0.9094098749834254
