codigo,departamento,inicio_pct,final_pct,cambio_pp,cambio_rel_pct
11,SANTAFE DE BOGOTA D.C,10.906327388985705,15.856313497822933,4.949986108837228,45.38637006107314
25,CUNDINAMARCA,7.814772671053283,13.734447454203206,5.919674783149923,75.74980146354102
52,NARIÑO,6.9370005149821665,12.629552467100927,5.692551952118761,82.0607111074057
15,BOYACA,7.492403140035451,11.5765604487409,4.084157308705448,54.51064541471167
44,LA GUAJIRA,7.2888441588604165,11.38418031545104,4.095336156590624,56.18635914464267
17,CALDAS,6.135484955454698,11.238170347003154,5.102685391548455,83.1667819022514
27,CHOCO,9.012100415387394,11.214179228093425,2.2020788127060307,24.434690152211004
05,ANTIOQUIA,8.001451632414414,11.030957466593778,3.029505834179364,37.861952722511425
66,RISARALDA,6.404069957859342,10.935316840634503,4.531246882775161,70.7557367828911
70,SUCRE,7.221315330769444,10.614270233274397,3.392954902504952,46.98527549472662
08,ATLANTICO,6.874117873040529,10.540961235020683,3.6668433619801544,53.34274782166708
76,VALLE DEL CAUCA,7.066685169568419,10.33522340666818,3.2685382370997598,46.25277847632454
23,CORDOBA,7.243584253946504,9.867254516701012,2.6236702627545077,36.22060806878942
88,ARCHIPIELAGO DE SAN ANDRES PROVIDENCIA Y SANTA CATALINA,6.676970633693973,9.66542750929368,2.9884568755997076,44.757675891504874
13,BOLIVAR,7.127993431042821,9.658027561957692,2.5300341309148706,35.494338699814556
19,CAUCA,6.426348026910332,9.624796084828711,3.1984480579183794,49.770850326264295
91,AMAZONAS,6.00843288826423,9.480909480909482,3.4724765926452514,57.793382354785884
63,QUINDIO,6.6105371521011795,9.388044419941718,2.777507267840538,42.01636272413505
47,MAGDALENA,6.208165342310252,9.202314960080885,2.994149617770633,48.22921833870515
68,SANTANDER,6.276456858013213,9.09245122985581,2.8159943718425966,44.865987858219555
20,CESAR,5.394405323341301,9.031996012037737,3.637590688696436,67.43265421596662
99,VICHADA,6.613645876935957,8.91089108910891,2.297245212172953,34.734929189121424
73,TOLIMA,5.858041583208734,8.68412846897412,2.8260868857653856,48.2428614686856
86,PUTUMAYO,5.153230528986922,8.45926551287463,3.3060349838877086,64.15461069112398
41,HUILA,5.024490159408674,7.800009033015673,2.775518873606999,55.23981111615206
54,NORTE DE SANTANDER,5.502169869807812,7.5727466288147625,2.0705767590069506,37.63200351862772
94,GUAINIA,8.312342569269521,7.5307173999207295,-0.7816251693487919,-9.403187643377887
85,CASANARE,5.057983358448535,7.243626241538559,2.185642883090024,43.211745239123104
50,META,4.564395507354361,7.111295940115403,2.546900432761041,55.79929321763111
95,GUAVIARE,8.258098778544875,7.038035339922133,-1.2200634386227422,-14.774144404672818
81,ARAUCA,5.710004994173464,6.923076923076923,1.2130719289034593,21.244673693653304
97,VAUPES,6.209150326797386,6.313497822931785,0.10434749613439909,1.680543885111896
18,CAQUETA,4.642701998262381,5.99705901157215,1.3543570133097687,29.171741236389124
