ANIO,COD_DPTO,COD_MUNIC,AREANAC,SIT_PARTO,NOM_INST,COD_INST,SEXO,PESO_NAC,TALLA_NAC,ANO,MES,ATEN_PAR,T_GES,NUMCONSUL,TIPO_PARTO,MUL_PARTO,APGAR1,APGAR2,GRU_SAN,EDAD_MADRE,EST_CIVM,NIV_EDUM,CODPRES,CODPTORE,CODMUNRE,AREA_RES,N_HIJOSV,FECHA_NACM,N_EMB,SEG_SOCIAL,EDAD_PADRE,NIV_EDUP,PROFESION,OTRO_SIT,T_GES_AGRU_CIE,IDHEMOCLAS,IDFACTORRH,IDPERTET,ULTCURMAD,IDCLASADMI,ULTCURPAD,OTRPARATX,NOMCLASAD,TIPOFORMULARIO,CODPAISNACMAD,BPN
1998,100.0,100.0,98.8,99.5,92.1,89.5,100.0,94.0,93.4,100.0,100.0,97.9,93.8,73.4,97.1,95.0,89.9,88.8,24.4,98.7,95.1,93.1,100.0,100.0,100.0,97.4,94.8,54.8,94.9,87.4,90.2,82.2,99.1,0.0,0.0,0.0,0.0,0.0,0.0,0.0,0.0,0.0,0.0,0.0,0.0,94.0
1999,100.0,100.0,99.2,99.5,93.0,90.7,100.0,95.2,94.7,100.0,100.0,99.0,94.6,69.6,97.8,95.8,91.0,90.1,34.0,98.5,96.4,94.9,100.0,100.0,100.0,96.9,96.4,55.9,96.2,89.0,91.0,83.4,99.8,0.0,0.0,0.0,0.0,0.0,0.0,0.0,0.0,0.0,0.0,0.0,0.0,95.2
2000,100.0,100.0,99.4,99.6,93.5,91.4,100.0,95.6,95.1,100.0,100.0,99.4,94.9,72.5,98.1,96.4,91.7,90.9,38.0,98.7,96.7,95.1,100.0,100.0,100.0,96.7,96.7,56.3,96.7,89.7,91.3,83.7,99.9,0.0,0.0,0.0,0.0,0.0,0.0,0.0,0.0,0.0,0.0,0.0,0.0,95.6
2001,100.0,100.0,99.6,99.6,93.6,92.5,100.0,95.4,95.0,100.0,100.0,99.5,94.5,75.4,98.1,96.4,91.6,90.8,42.5,98.8,96.8,94.3,100.0,100.0,100.0,97.6,96.9,56.5,97.0,90.7,91.8,84.2,99.8,0.0,0.0,0.0,0.0,0.0,0.0,0.0,0.0,0.0,0.0,0.0,0.0,95.4
2002,100.0,100.0,99.7,99.8,94.8,94.0,100.0,96.4,96.1,100.0,100.0,99.7,94.3,85.7,98.6,97.7,93.3,92.6,54.1,99.1,96.8,95.3,100.0,100.0,100.0,98.3,97.7,56.6,97.7,93.1,93.6,85.0,99.9,0.0,0.0,0.0,0.0,0.0,0.0,0.0,0.0,0.0,0.0,0.0,0.0,96.4
2003,100.0,100.0,99.7,99.8,95.1,94.0,100.0,96.8,96.4,100.0,100.0,99.7,95.3,88.3,98.8,98.0,93.7,93.0,62.3,99.1,96.6,95.9,100.0,100.0,100.0,97.9,97.9,56.5,97.9,94.1,94.2,86.3,99.8,0.0,0.0,0.0,0.0,0.0,0.0,0.0,0.0,0.0,0.0,0.0,0.0,96.8
2004,100.0,100.0,99.8,99.8,95.7,95.7,100.0,97.2,96.9,100.0,100.0,99.8,96.1,86.0,99.0,98.3,94.6,93.9,67.0,99.3,97.2,96.5,100.0,100.0,100.0,98.0,98.3,56.5,98.3,95.2,95.2,87.4,99.9,0.0,0.0,0.0,0.0,0.0,0.0,0.0,0.0,0.0,0.0,0.0,0.0,97.2
2005,100.0,100.0,99.8,99.8,96.4,96.0,100.0,97.8,97.5,100.0,100.0,99.8,96.9,92.5,99.1,98.6,95.5,94.7,73.8,99.4,97.5,97.1,100.0,100.0,100.0,98.2,98.5,56.5,98.6,96.0,95.9,88.4,99.9,0.0,0.0,0.0,0.0,0.0,0.0,0.0,0.0,0.0,0.0,0.0,0.0,97.8
2006,100.0,100.0,99.9,99.8,97.2,96.4,100.0,98.4,98.1,100.0,100.0,99.8,97.5,93.8,99.4,98.9,96.2,95.6,77.5,99.6,97.6,97.2,100.0,100.0,100.0,98.4,98.7,55.8,98.8,96.7,96.1,88.8,100.0,0.0,0.0,0.0,0.0,0.0,0.0,0.0,0.0,0.0,0.0,0.0,0.0,98.4
2007,100.0,100.0,99.9,99.9,97.8,95.5,100.0,98.9,98.6,100.0,100.0,99.9,98.0,94.4,99.5,99.1,96.7,96.1,80.3,99.6,97.4,97.0,100.0,100.0,100.0,98.3,98.8,54.6,98.9,96.8,96.2,88.6,100.0,0.0,0.0,0.0,0.0,0.0,0.0,0.0,0.0,0.0,0.0,0.0,0.0,98.9
2008,100.0,100.0,100.0,99.9,0.0,0.0,100.0,99.0,98.6,100.0,100.0,99.9,98.3,97.1,99.5,98.6,97.3,97.0,0.0,99.2,97.9,97.6,100.0,99.8,99.5,98.2,99.1,52.9,99.1,97.9,96.2,88.1,98.5,0.2,98.3,83.3,83.3,81.5,69.1,82.4,63.1,0.0,0.0,0.0,0.0,99.0
2009,100.0,100.0,100.0,100.0,0.0,0.0,100.0,99.3,98.8,100.0,100.0,100.0,98.7,97.0,99.6,98.8,97.8,97.6,0.0,99.4,97.9,97.0,100.0,99.7,99.4,98.1,99.2,55.6,99.2,98.7,95.7,87.6,100.0,0.2,98.7,84.9,84.9,94.1,76.2,87.0,69.3,0.0,0.0,0.0,0.0,99.3
2010,100.0,100.0,100.0,100.0,0.0,0.0,100.0,99.5,99.2,100.0,100.0,100.0,99.0,95.2,99.8,99.3,98.3,98.2,0.0,99.6,98.0,97.0,100.0,99.8,99.6,98.6,99.4,75.5,99.3,99.3,96.4,88.0,100.0,0.2,99.0,89.8,89.7,96.8,85.9,88.3,78.3,0.0,0.0,0.0,0.0,99.5
2011,100.0,100.0,99.9,99.9,0.0,0.0,100.0,99.5,99.5,100.0,100.0,99.9,99.4,97.0,99.9,99.9,98.9,98.8,0.0,99.8,98.1,96.4,100.0,99.9,99.9,99.6,99.7,95.9,99.7,99.8,96.8,87.5,100.0,0.2,99.4,96.8,96.8,99.2,98.2,91.5,98.5,0.0,0.0,0.0,0.0,99.5
2012,100.0,100.0,99.9,99.9,99.2,99.2,100.0,99.5,99.4,100.0,100.0,99.9,99.4,97.2,100.0,99.9,98.8,98.8,0.0,99.8,98.0,96.3,100.0,100.0,100.0,99.8,99.8,99.5,99.8,99.8,96.8,87.2,100.0,0.1,0.0,98.0,98.0,99.8,99.8,93.8,99.8,0.3,93.9,0.0,0.0,99.5
2013,100.0,100.0,100.0,100.0,99.2,99.2,100.0,99.4,99.4,100.0,100.0,100.0,99.4,99.6,100.0,100.0,98.8,98.8,0.0,99.9,97.9,96.5,100.0,100.0,100.0,99.9,99.9,99.8,99.9,99.9,96.9,88.5,100.0,0.1,0.0,98.5,98.5,99.9,99.9,95.2,99.9,0.4,95.3,0.0,0.0,99.4
2014,100.0,100.0,100.0,100.0,0.0,0.0,100.0,99.6,99.5,100.0,100.0,100.0,99.5,99.7,100.0,100.0,98.9,98.9,0.0,100.0,98.1,96.7,100.0,100.0,99.9,99.9,100.0,99.9,100.0,99.9,97.4,89.1,100.0,0.1,99.5,98.7,98.7,99.9,100.0,96.5,100.0,0.0,0.0,0.0,0.0,99.6
2015,100.0,100.0,100.0,100.0,0.0,0.0,100.0,99.6,99.6,100.0,100.0,100.0,99.6,99.7,100.0,100.0,99.0,99.0,0.0,100.0,97.8,96.2,100.0,100.0,100.0,99.9,100.0,99.9,100.0,100.0,97.1,88.6,100.0,0.1,99.6,98.3,98.3,99.9,100.0,97.4,100.0,0.0,0.0,0.0,0.0,99.6
2016,100.0,100.0,100.0,100.0,0.0,0.0,100.0,99.7,99.7,100.0,100.0,100.0,99.7,99.8,100.0,100.0,99.1,99.1,0.0,100.0,97.7,96.2,100.0,99.9,99.9,99.9,100.0,51.8,100.0,100.0,96.6,88.5,100.0,0.1,99.7,97.6,97.6,100.0,96.2,97.6,88.6,0.0,0.0,0.0,0.0,99.7
2017,100.0,100.0,100.0,100.0,0.0,0.0,100.0,99.7,99.7,100.0,100.0,100.0,99.7,99.8,100.0,100.0,99.0,99.0,0.0,100.0,97.5,96.5,100.0,99.8,99.8,99.8,100.0,52.2,100.0,100.0,97.0,89.2,100.0,0.1,99.7,98.3,98.3,100.0,95.2,97.3,87.4,0.0,0.0,0.0,0.0,99.7
2018,100.0,100.0,100.0,100.0,0.0,0.0,100.0,99.2,99.2,100.0,100.0,100.0,99.2,99.4,100.0,100.0,98.5,98.5,0.0,99.9,97.0,95.7,100.0,99.4,99.4,99.4,100.0,52.6,100.0,100.0,97.6,88.8,100.0,0.3,99.2,97.7,97.7,100.0,95.7,94.3,88.8,0.0,0.0,0.0,0.0,99.2
2019,100.0,100.0,100.0,100.0,0.0,0.0,100.0,99.3,99.3,100.0,100.0,100.0,99.4,99.5,100.0,100.0,98.6,98.6,0.0,99.7,96.7,95.8,100.0,98.2,98.2,98.2,100.0,54.1,100.0,100.0,98.0,89.1,100.0,0.2,99.4,98.2,98.2,100.0,95.8,89.6,89.1,0.0,0.0,0.0,0.0,99.3
2020,100.0,100.0,100.0,100.0,0.0,0.0,100.0,98.7,98.6,100.0,100.0,100.0,98.6,98.8,100.0,100.0,97.5,97.5,0.0,99.6,96.9,95.9,100.0,98.4,98.4,98.4,100.0,54.5,100.0,100.0,98.5,89.6,100.0,0.2,0.0,97.0,97.0,100.0,95.9,88.5,89.6,0.0,0.0,0.0,0.0,98.7
2021,100.0,100.0,100.0,100.0,0.0,0.0,100.0,98.7,98.7,100.0,100.0,100.0,98.7,99.6,100.0,100.0,97.5,97.5,0.0,99.9,97.4,96.6,100.0,98.6,98.6,98.6,100.0,55.9,100.0,100.0,99.2,90.3,100.0,0.2,98.7,97.6,97.5,100.0,96.6,89.4,90.3,0.0,0.0,100.0,0.0,98.7
2022,100.0,100.0,99.6,99.6,0.0,0.0,100.0,99.0,99.0,100.0,100.0,99.6,99.1,99.6,99.6,99.6,97.9,97.9,0.0,100.0,97.6,96.8,99.6,98.9,98.9,98.9,99.6,54.8,99.6,99.6,99.3,90.6,99.6,0.2,99.1,98.7,98.7,99.6,96.8,92.5,90.6,0.0,0.0,100.0,0.0,99.0
2023,100.0,100.0,99.2,99.2,0.0,0.0,100.0,98.7,98.7,100.0,100.0,99.2,98.8,99.1,99.1,99.1,97.7,97.7,0.0,99.9,97.2,96.5,99.2,98.6,98.6,98.6,99.1,52.7,99.1,99.1,98.8,90.6,99.1,0.2,98.8,99.1,99.1,99.2,96.5,94.5,90.6,0.0,0.0,100.0,0.0,98.7
2024,100.0,100.0,98.2,98.2,0.0,0.0,100.0,97.8,97.7,100.0,100.0,98.2,97.8,98.1,98.1,98.1,96.7,96.7,0.0,99.9,96.3,95.8,98.2,97.6,97.6,97.6,98.1,50.3,98.1,98.1,97.8,90.6,98.1,0.2,97.8,99.0,99.0,98.2,95.8,94.5,90.5,0.0,0.0,100.0,98.1,97.8
