ANIO,n_munis,erreygers,er_inf,er_sup,ee_er,contiene_cero,par_inf,par_sup,ancho_par,ancho_cl,veces
1998,1113,0.0012294497142355532,-0.006825236167698072,0.005139193465980683,0.0038506118331347984,sí,-0.00012694178058948732,0.0026529552578451877,0.002779897038434675,0.011964429633678754,4.3039110687407955
1999,1128,0.0012284569689423042,-0.0054265223372920775,0.005165862744159766,0.0031382345720913103,sí,-0.0001256728089714387,0.002534759324430821,0.0026604321334022596,0.010592385081451845,3.981452843116095
2000,1136,0.0018079580631353842,-0.004440958464809791,0.005486229226140056,0.0029539090315614785,sí,0.0005034175669949696,0.0031165543765257126,0.002613136809530743,0.009927187690949846,3.7989544423173665
2001,1142,0.0015963896438175305,-0.004504144991015045,0.004891444845631703,0.002853296883501257,sí,0.00029925019194629033,0.003019240570201952,0.0027199903782556614,0.009395589836646748,3.4542731885221483
2002,1146,0.0030416818950301794,-0.004029793221423122,0.00681425752541762,0.003394082782080408,sí,0.0016062988960849095,0.004392769720711354,0.0027864708246264445,0.010844050746840743,3.8916792707831425
2003,1146,0.0031637769405705174,-0.003950082816032751,0.007123016107889529,0.003374856531348328,sí,0.0018653436126191622,0.004545476289953663,0.002680132677334501,0.011073098923922279,4.1315487914333096
2004,1147,0.004418751623427808,-0.0026765862108927077,0.008221338834117933,0.003294322815244253,sí,0.0030270353058738848,0.005863500223270048,0.0028364649173961633,0.01089792504501064,3.842079970097
2005,1148,0.004832332882738988,-0.0018874538641019177,0.008180824286672578,0.003034836991986402,sí,0.0035527421585437057,0.006064884935431616,0.0025121427768879105,0.010068278150774495,4.007844714641286
2006,1146,0.004851058117669171,-0.001175973311426684,0.008151293204774906,0.002860346215681729,sí,0.003384091001613609,0.006084726632845171,0.0027006356312315617,0.00932726651620159,3.4537300805544464
2007,1143,0.00468775788716741,-0.0022211707956619293,0.008526925003784101,0.0032386760648939134,sí,0.0033840603106081125,0.00604490195350694,0.0026608416428988277,0.01074809579944603,4.039359436564072
2008,1118,0.005886156233149753,-0.0006949928759002758,0.009140124561559377,0.0028445911315147974,sí,0.004493015426296441,0.007270519378993617,0.002777503952697176,0.009835117437459653,3.540991337891338
2009,1118,0.007255346716921129,-0.0005905084716724808,0.012067403263821606,0.0038599430806561196,sí,0.005965156833112238,0.008705855596759151,0.002740698763646913,0.012657911735494087,4.618497991603728
2010,1117,0.006754481555539926,0.0010971238298063569,0.009504938622375178,0.0025090753828973873,,0.005338991359029106,0.008177779584135953,0.0028387882251068464,0.008407814792568821,2.961761894814245
2011,1117,0.00693944604522212,0.0008205623050133032,0.010050367072915149,0.0027175471318386015,,0.005546718944567254,0.008323143453495193,0.0027764245089279384,0.009229804767901846,3.324349262233589
2012,1124,0.005934741435679403,5.7151314354982056e-05,0.009274452172758754,0.002754473534823651,,0.004633891650153427,0.007305598486456668,0.0026717068363032413,0.009217300858403773,3.449967164495289
2013,1122,0.00388128382453895,-0.002081959957904633,0.007914189071082585,0.0029347306237360498,sí,0.0024756230771445483,0.005337707482751149,0.0028620844056066004,0.009996149028987218,3.4926115419257173
2014,1119,0.005260850137866535,-0.0006003455030633151,0.009561809567665974,0.0029774020482650648,sí,0.0038447447634179233,0.006583785155765369,0.002739040392347446,0.01016215507072929,3.7101150823190285
2015,1120,0.0016129458547278765,-0.0036713453994937865,0.00515118133129603,0.002457273040388513,sí,0.00025775856629469687,0.003022628756783707,0.0027648701904890104,0.008822526730789816,3.1909370505489862
2016,1120,0.00044160898291556455,-0.004342361946222796,0.003551001441392741,0.00226578571695859,sí,-0.0008842436046782419,0.001846107950406567,0.002730351555084809,0.007893363387615537,2.890969616317543
2017,1121,0.00011888039229657199,-0.004573287668218058,0.002839290195967919,0.002007023554324926,sí,-0.0012864075835974,0.0014620947445517748,0.002748502328149175,0.007412577864185976,2.6969516409969945
2018,1122,0.0020271425882975036,-0.00454591635095992,0.0067860006894185,0.0031468711463369515,sí,0.0006548166897561699,0.0034597475406859097,0.0028049308509297396,0.01133191704037842,4.039998717480779
2019,1121,-0.00018798836044719994,-0.006200802360766246,0.0039887660130833134,0.0030248005659937933,sí,-0.0016729153218501477,0.001246374761239602,0.0029192900830897497,0.010189568373849558,3.490426810570676
2020,1121,-0.00016736022199154155,-0.006364182032353965,0.004377175158180214,0.0031040835601893243,sí,-0.0017259703414626586,0.0013766458542792067,0.0031026161957418653,0.010741357190534179,3.462032205361391
2021,1121,-0.0005768096904628095,-0.006280454514476933,0.00353564180994782,0.0027641572788282393,sí,-0.0020637795916010767,0.0009464845688944664,0.003010264160495543,0.009816096324424753,3.260875392015048
2022,1120,-0.002811702813606598,-0.009445987454295849,0.0022028271190564254,0.0032126098303919457,sí,-0.004560535870533802,-0.0011954713803759083,0.003365064490157894,0.011648814573352274,3.4616913308563944
2023,1120,-0.005811407149206971,-0.011024124599757035,-0.0026916053186188463,0.0021637904197820204,,-0.007565970456876555,-0.0039831878353496055,0.0035827826215269493,0.00833251928113819,2.3257116496749517
2024,1119,-0.006507470505135782,-0.012890249513687188,-0.002251318868561955,0.0028953972898080062,,-0.008466206179803674,-0.0045164964243628375,0.003949709755440837,0.010638930645125232,2.6935980879278043
