variable,categoria,expuestos,beta,elasticidad,ci_del_determinante,contribucion,pct_del_total
EDUC4_MADRE,3,0.19295085429671843,-0.012607262522575394,-0.027748374347993352,0.8070491457032816,-0.022394301812202887,-123.16831033782579
EDUC4_MADRE,1,0.20296056443735616,-0.01177963190896441,-0.02727177621785788,-0.7649733955692058,0.020862183256578255,114.74168220197173
PARIDAD4,4 o mas,0.1049651528613434,-0.028502937189136626,-0.034127525602631104,-0.4087212109777906,0.013948643591982939,76.7173219837962
SEG4,3,0.44821084826644764,-0.0051838347900427725,-0.026503520064441122,-0.16773743400253055,0.004445632447643937,24.450909054951865
PARIDAD4,3 hijos,0.14270200529078497,-0.021141404391056252,-0.03441390474098532,-0.1273305757253502,0.004381942303627019,24.10061425721622
ESTCIV5,2,0.654727616884156,0.008623570718310363,0.06440474011878047,-0.05075940329446496,-0.0032691461777643854,-17.98025293841444
PARIDAD4,2 hijos,0.3100922500987068,-0.017790211018850633,-0.06292772840663818,0.048332528443916375,-0.0030414562231248846,-16.72796174268884
SEG4,4,0.1444735227467131,-0.0071717617193546735,-0.011819093192053444,-0.24018343185282276,0.00283875036425573,15.6130826836379
AREA_RES,2,0.0752488239216125,-0.011898847196314148,-0.01021350126054466,-0.24475557256457178,0.002499811348913584,13.748923390915035
EDUC4_MADRE,2,0.5880555612692064,-0.010835311542800655,-0.07268249166675923,0.026042730137356526,-0.001892850516188075,-10.410648287053387
EDAD3,menor de 20,0.21168746240487396,0.005237091741252434,0.012646063593034657,-0.14673664397211947,-0.0018556409310999083,-10.205996150000216
AREA_RES,3,0.13328278006518915,-0.0032053825540618985,-0.004873309057254211,-0.3274898524154801,0.001595959263935204,8.777751034854113
ESTCIV5,3,0.14676798558353907,0.021504081022343472,0.0360016382714003,-0.030512151050338873,-0.0010984874249966269,-6.041663687432217
MULTIPLE3,doble,0.017224211687587827,0.525711531377595,0.10328967251006418,0.007322775594318483,0.0007563670930018468,4.160007202787921
EDAD3,35 o mas,0.10584987686106848,0.026672315416754543,0.032204837953010094,0.02213456012381547,0.0007128399219486362,3.9206084415598252
SEG4,2,0.014409939009982055,-0.0051092856866864845,-0.0008398319110443225,0.39201446817637453,-0.0003292262599655884,-1.810739289791435
MULTIPLE3,triple o mas,0.0004214793026759452,0.559575979155373,0.002690328788710265,0.04685884310084551,0.00012606569459986208,0.6933593521084187
ESTCIV5,4,0.0046601651451353724,0.012560599332913813,0.0006677005169957524,-0.12028476955517968,-8.031420281870842e-05,-0.44172686160367003
ESTCIV5,5,0.0019932628530806304,0.005568816663450398,0.00012661860845500968,-0.19666892056846816,-2.490194504872827e-05,-0.13696030898833098
