variable,categoria,prevalencia_exposicion,beta,elasticidad,ci_determinante,contribucion,pct_del_total,ic_inf,ic_sup,ee_bootstrap,cruza_cero
EDUC4_MADRE,1,0.20296056443735616,-0.01177963190896441,-0.02727177621785788,-0.7649733955692058,0.020862183256578255,114.74168220197173,0.01883230924872835,0.02276398087987597,0.0009857501935965928,
EDUC4_MADRE,2,0.5880555612692064,-0.010835311542800655,-0.07268249166675923,0.026042730137356526,-0.001892850516188075,-10.410648287053387,-0.002076067100354069,-0.0016795376545859463,9.82213833797699e-05,
EDUC4_MADRE,3,0.19295085429671843,-0.012607262522575394,-0.027748374347993352,0.8070491457032816,-0.022394301812202887,-123.16831033782579,-0.02440399385079915,-0.0202412983206928,0.0010427192610317907,
ESTCIV5,2,0.654727616884156,0.008623570718310363,0.06440474011878047,-0.05075940329446496,-0.0032691461777643854,-17.98025293841444,-0.0034038317106788994,-0.0031312859668691023,6.938523674887669e-05,
ESTCIV5,3,0.14676798558353907,0.021504081022343472,0.0360016382714003,-0.030512151050338873,-0.0010984874249966269,-6.041663687432217,-0.0011238489724650085,-0.0010724998255465504,1.305997075940502e-05,
ESTCIV5,4,0.0046601651451353724,0.012560599332913813,0.0006677005169957524,-0.12028476955517968,-8.031420281870842e-05,-0.44172686160367003,-9.22552012093264e-05,-6.830147708143409e-05,6.334185234597795e-06,
ESTCIV5,5,0.0019932628530806304,0.005568816663450398,0.00012661860845500968,-0.19666892056846816,-2.490194504872827e-05,-0.13696030898833098,-3.8788990855072174e-05,-1.266813309552911e-05,6.691851973170014e-06,
SEG4,2,0.014409939009982055,-0.0051092856866864845,-0.0008398319110443225,0.39201446817637453,-0.0003292262599655884,-1.810739289791435,-0.0003964475644593956,-0.0002513931889282264,3.6806631133948624e-05,
SEG4,3,0.44821084826644764,-0.0051838347900427725,-0.026503520064441122,-0.16773743400253055,0.004445632447643937,24.450909054951865,0.00420234985457489,0.004740266136810294,0.0001434735786531042,
SEG4,4,0.1444735227467131,-0.0071717617193546735,-0.011819093192053444,-0.24018343185282276,0.00283875036425573,15.6130826836379,0.0026770272584497024,0.003001558666454573,8.52566897696996e-05,
AREA_RES,2,0.0752488239216125,-0.011898847196314148,-0.01021350126054466,-0.24475557256457178,0.002499811348913584,13.748923390915035,0.0023938652722390904,0.002609883988025163,5.266128732018132e-05,
AREA_RES,3,0.13328278006518915,-0.0032053825540618985,-0.004873309057254211,-0.3274898524154801,0.001595959263935204,8.777751034854113,0.0013952600614193825,0.0018045538561850408,0.00010517285480886367,
EDAD3,menor de 20,0.21168746240487396,0.005237091741252434,0.012646063593034657,-0.14673664397211947,-0.0018556409310999083,-10.205996150000216,-0.0019861853673212634,-0.0017027398592519935,7.499649965227749e-05,
EDAD3,35 o mas,0.10584987686106848,0.026672315416754543,0.032204837953010094,0.02213456012381547,0.0007128399219486362,3.9206084415598252,0.0006996283890409489,0.0007263575039866897,6.898596984817465e-06,
PARIDAD4,2 hijos,0.3100922500987068,-0.017790211018850633,-0.06292772840663818,0.048332528443916375,-0.0030414562231248846,-16.72796174268884,-0.0031028996210325874,-0.0029813738107822194,3.060185902731392e-05,
PARIDAD4,3 hijos,0.14270200529078497,-0.021141404391056252,-0.03441390474098532,-0.1273305757253502,0.004381942303627019,24.10061425721622,0.00429836877205745,0.004477478842247116,4.627119507333624e-05,
PARIDAD4,4 o mas,0.1049651528613434,-0.028502937189136626,-0.034127525602631104,-0.4087212109777906,0.013948643591982939,76.7173219837962,0.013675515446093868,0.014226574090479763,0.00013664190525739615,
MULTIPLE3,doble,0.017224211687587827,0.525711531377595,0.10328967251006418,0.007322775594318483,0.0007563670930018468,4.160007202787921,0.0007536301255424852,0.0007589950783227409,1.4499291214861806e-06,
MULTIPLE3,triple o mas,0.0004214793026759452,0.559575979155373,0.002690328788710265,0.04685884310084551,0.00012606569459986208,0.6933593521084187,0.0001240362674651101,0.0001280477338454689,1.0752592661326855e-06,
AREA_RES,TOTAL de la variable,,,,,0.004095770612848788,22.526674425769148,0.0038670044758895754,0.00433690099106833,0.00012494044145455765,
EDAD3,TOTAL de la variable,,,,,-0.0011428010091512721,-6.285387708440391,-0.0012755064106841662,-0.0009831172266852506,7.542977489754436e-05,
EDUC4_MADRE,TOTAL de la variable,,,,,-0.0034249690718127085,-18.83727642290745,-0.004372243555866473,-0.002528674259767368,0.000480630350540921,
ESTCIV5,TOTAL de la variable,,,,,-0.004472849750628449,-24.60060379643866,-0.004626138041648314,-0.004318227288248973,7.974184973735498e-05,
MULTIPLE3,TOTAL de la variable,,,,,0.0008824327876017088,4.85336655489634,0.000878701549174422,0.0008859905733599865,1.8351864822743109e-06,
PARIDAD4,TOTAL de la variable,,,,,0.015289129672485073,84.08997449832357,0.015014493306218034,0.015600485756656624,0.0001506073507598067,
SEG4,TOTAL de la variable,,,,,0.006955156551934079,38.25325244879833,0.006579218393973956,0.007385316832198265,0.00020290502597441104,
RESIDUO,no explicado,,,,,-1.6306400674181987e-16,-8.968494912559244e-13,-3.3306690738754696e-16,2.152791833687216e-16,1.4252200252160755e-16,SI
