var_a,var_b,im_a,im_b,interaccion,tipo
N_EMB,N_HIJOSV,0.00051,0.000346,0.009266,sinergia
TIPO_PARTO,NUMCONSUL,0.007176,0.006344,0.001833,sinergia
NIV_EDUM,NUMCONSUL,0.000434,0.006344,0.001457,sinergia
SEG_SOCIAL,NUMCONSUL,0.000303,0.006344,0.001439,sinergia
NIV_EDUP,NUMCONSUL,0.0005,0.006344,0.001298,sinergia
TIPO_PARTO,N_HIJOSV,0.007176,0.000346,0.001154,sinergia
NUMCONSUL,N_HIJOSV,0.006344,0.000346,0.001151,sinergia
NUMCONSUL,N_EMB,0.006344,0.00051,0.001118,sinergia
MUL_PARTO,N_HIJOSV,0.022246,0.000346,0.000855,sinergia
NIV_EDUM,N_HIJOSV,0.000434,0.000346,0.000608,sinergia
EDAD_MADRE,NUMCONSUL,0.000767,0.006344,0.000607,sinergia
NIV_EDUM,N_EMB,0.000434,0.00051,0.000585,sinergia
TIPO_PARTO,N_EMB,0.007176,0.00051,0.00058,sinergia
IDPERTET,NUMCONSUL,1.1e-05,0.006344,0.000557,sinergia
NIV_EDUP,N_EMB,0.0005,0.00051,0.000554,sinergia
NIV_EDUP,N_HIJOSV,0.0005,0.000346,0.000536,sinergia
AREA_RES,NUMCONSUL,0.000154,0.006344,0.000506,sinergia
EDAD_MADRE,N_HIJOSV,0.000767,0.000346,0.000462,independientes
NIV_EDUP,EDAD_MADRE,0.0005,0.000767,0.000457,independientes
NIV_EDUM,EDAD_MADRE,0.000434,0.000767,0.000446,independientes
MUL_PARTO,NUMCONSUL,0.022246,0.006344,0.000431,independientes
NIV_EDUP,MUL_PARTO,0.0005,0.022246,0.000425,independientes
EST_CIVM,NUMCONSUL,0.000608,0.006344,0.000425,independientes
SEXO,T_GES,0.000539,0.110425,0.000412,independientes
MUL_PARTO,N_EMB,0.022246,0.00051,0.000404,independientes
EDAD_MADRE,N_EMB,0.000767,0.00051,0.000382,independientes
NIV_EDUM,MUL_PARTO,0.000434,0.022246,0.000361,independientes
NIV_EDUM,T_GES,0.000434,0.110425,0.000313,independientes
N_HIJOSV,T_GES,0.000346,0.110425,0.000296,independientes
EST_CIVM,MUL_PARTO,0.000608,0.022246,0.000287,independientes
N_EMB,T_GES,0.00051,0.110425,0.000257,independientes
NIV_EDUP,IDPERTET,0.0005,1.1e-05,0.000233,independientes
NIV_EDUP,T_GES,0.0005,0.110425,0.000228,independientes
TIPO_PARTO,EDAD_MADRE,0.007176,0.000767,0.00022,independientes
NIV_EDUM,IDPERTET,0.000434,1.1e-05,0.000211,independientes
SIT_PARTO,NUMCONSUL,9.5e-05,0.006344,0.000203,independientes
IDPERTET,T_GES,1.1e-05,0.110425,0.000182,independientes
NIV_EDUM,EST_CIVM,0.000434,0.000608,0.000181,independientes
SEXO,NUMCONSUL,0.000539,0.006344,0.000179,independientes
IDPERTET,N_EMB,1.1e-05,0.00051,0.000172,independientes
IDPERTET,N_HIJOSV,1.1e-05,0.000346,0.000165,independientes
IDPERTET,EDAD_MADRE,1.1e-05,0.000767,0.000146,independientes
SEG_SOCIAL,N_HIJOSV,0.000303,0.000346,0.000136,independientes
NIV_EDUP,EST_CIVM,0.0005,0.000608,0.000133,independientes
SEG_SOCIAL,EDAD_MADRE,0.000303,0.000767,0.00012,independientes
SEG_SOCIAL,N_EMB,0.000303,0.00051,0.000116,independientes
MUL_PARTO,EDAD_MADRE,0.022246,0.000767,0.000115,independientes
AREA_RES,N_HIJOSV,0.000154,0.000346,0.0001,independientes
SEG_SOCIAL,EST_CIVM,0.000303,0.000608,8.5e-05,independientes
NIV_EDUM,SEG_SOCIAL,0.000434,0.000303,8.4e-05,independientes
AREA_RES,N_EMB,0.000154,0.00051,8e-05,independientes
NIV_EDUM,AREA_RES,0.000434,0.000154,8e-05,independientes
EST_CIVM,IDPERTET,0.000608,1.1e-05,7.8e-05,independientes
SEXO,TIPO_PARTO,0.000539,0.007176,7.5e-05,independientes
NIV_EDUP,SEG_SOCIAL,0.0005,0.000303,7.2e-05,independientes
NIV_EDUM,SIT_PARTO,0.000434,9.5e-05,7e-05,independientes
NIV_EDUP,AREA_RES,0.0005,0.000154,7e-05,independientes
EST_CIVM,N_HIJOSV,0.000608,0.000346,6.5e-05,independientes
AREA_RES,EDAD_MADRE,0.000154,0.000767,6.3e-05,independientes
NIV_EDUP,SIT_PARTO,0.0005,9.5e-05,6.2e-05,independientes
SEG_SOCIAL,IDPERTET,0.000303,1.1e-05,5.8e-05,independientes
SEG_SOCIAL,MUL_PARTO,0.000303,0.022246,5.7e-05,independientes
SEXO,EDAD_MADRE,0.000539,0.000767,5.3e-05,independientes
AREA_RES,MUL_PARTO,0.000154,0.022246,5.3e-05,independientes
NIV_EDUM,SEXO,0.000434,0.000539,5.2e-05,independientes
IDPERTET,MUL_PARTO,1.1e-05,0.022246,4.7e-05,independientes
IDPERTET,TIPO_PARTO,1.1e-05,0.007176,4.6e-05,independientes
SIT_PARTO,EDAD_MADRE,9.5e-05,0.000767,4.4e-05,independientes
SIT_PARTO,N_EMB,9.5e-05,0.00051,4.3e-05,independientes
NIV_EDUP,SEXO,0.0005,0.000539,4.1e-05,independientes
EST_CIVM,N_EMB,0.000608,0.00051,4e-05,independientes
SEG_SOCIAL,T_GES,0.000303,0.110425,3.7e-05,independientes
AREA_RES,IDPERTET,0.000154,1.1e-05,3.4e-05,independientes
EST_CIVM,TIPO_PARTO,0.000608,0.007176,3.3e-05,independientes
SIT_PARTO,N_HIJOSV,9.5e-05,0.000346,3.3e-05,independientes
EST_CIVM,AREA_RES,0.000608,0.000154,3e-05,independientes
EST_CIVM,EDAD_MADRE,0.000608,0.000767,2.7e-05,independientes
SEXO,N_EMB,0.000539,0.00051,2.7e-05,independientes
SEXO,N_HIJOSV,0.000539,0.000346,2.4e-05,independientes
IDPERTET,SIT_PARTO,1.1e-05,9.5e-05,2.4e-05,independientes
IDPERTET,SEXO,1.1e-05,0.000539,2.2e-05,independientes
SEG_SOCIAL,SEXO,0.000303,0.000539,2.1e-05,independientes
NIV_EDUM,NIV_EDUP,0.000434,0.0005,1.8e-05,independientes
TIPO_PARTO,SIT_PARTO,0.007176,9.5e-05,1.5e-05,independientes
AREA_RES,SEXO,0.000154,0.000539,1.5e-05,independientes
EST_CIVM,T_GES,0.000608,0.110425,1.5e-05,independientes
EST_CIVM,SIT_PARTO,0.000608,9.5e-05,1.4e-05,independientes
EST_CIVM,SEXO,0.000608,0.000539,7e-06,independientes
SIT_PARTO,T_GES,9.5e-05,0.110425,4e-06,independientes
SEXO,SIT_PARTO,0.000539,9.5e-05,3e-06,independientes
AREA_RES,SIT_PARTO,0.000154,9.5e-05,-1e-06,independientes
SEG_SOCIAL,SIT_PARTO,0.000303,9.5e-05,-3e-06,independientes
MUL_PARTO,SIT_PARTO,0.022246,9.5e-05,-7e-06,independientes
SEXO,MUL_PARTO,0.000539,0.022246,-1.7e-05,independientes
SEG_SOCIAL,AREA_RES,0.000303,0.000154,-2.3e-05,independientes
NIV_EDUM,TIPO_PARTO,0.000434,0.007176,-3.2e-05,independientes
AREA_RES,TIPO_PARTO,0.000154,0.007176,-5e-05,independientes
AREA_RES,T_GES,0.000154,0.110425,-5.1e-05,independientes
NIV_EDUP,TIPO_PARTO,0.0005,0.007176,-6.4e-05,independientes
SEG_SOCIAL,TIPO_PARTO,0.000303,0.007176,-9.7e-05,independientes
EDAD_MADRE,T_GES,0.000767,0.110425,-0.000331,independientes
MUL_PARTO,TIPO_PARTO,0.022246,0.007176,-0.003103,redundancia
NUMCONSUL,T_GES,0.006344,0.110425,-0.003984,redundancia
TIPO_PARTO,T_GES,0.007176,0.110425,-0.004572,redundancia
MUL_PARTO,T_GES,0.022246,0.110425,-0.013449,redundancia
