variable,NIV_EDUM,NIV_EDUP,SEG_SOCIAL,EST_CIVM,AREA_RES,IDPERTET,EDAD_MADRE,NUMCONSUL,N_EMB,N_HIJOSV,T_GES,MUL_PARTO,TIPO_PARTO,SIT_PARTO,SEXO,DPTO_RES,MUNI_RES
NIV_EDUM,1.0,0.43799759390859794,0.3053279148882211,0.34151642687406736,0.23036779804961088,0.1148586263460467,0.13492410929442208,0.23561704223933166,0.0710498860989071,0.07935066877503115,0.051275400331177626,0.012649618149964107,0.13431407938390474,0.08514941458952392,0.0035515475433410466,0.06649753024864238,0.10259631691915706
NIV_EDUP,0.43799759390859794,1.0,0.286383829601628,0.3402858035688925,0.24561218688227457,0.08764260266125372,0.09847581061090148,0.229258971608469,0.062329941399328986,0.06963148783493933,0.0513353964902665,0.01204188996236533,0.12699265076861885,0.08321430569630509,0.0034933640377844523,0.06765419704421817,0.10613867868587407
SEG_SOCIAL,0.3053279148882211,0.286383829601628,1.0,0.18821414165600003,0.197176011599403,0.07898167402200104,0.11860003276489733,0.27720967940345626,0.06606691094899741,0.08001176383432698,0.03223620946824199,0.006330767645914667,0.10048058028789604,0.059110447650647394,0.0014789220210209213,0.17265862765216614,0.2367364757179283
EST_CIVM,0.34151642687406736,0.3402858035688925,0.18821414165600003,1.0,0.04680722798481843,0.032990871838215835,0.1219374088642132,0.2913562162597387,0.09151852152561052,0.09278900782246312,0.04165281066458031,0.009333232654808041,0.09240149895574923,0.030065883135407874,0.0022219375434552437,0.06653299657195455,0.0959632597823486
AREA_RES,0.23036779804961088,0.24561218688227457,0.197176011599403,0.04680722798481843,1.0,0.17111203451976797,0.057813636616252884,0.10993382791534777,0.07878764834675067,0.09707605038387158,0.022478153747253385,0.0016468103680945302,0.07771545502089859,0.10258233980478133,0.000856263625548167,0.2785773665136315,0.48514020391819596
IDPERTET,0.1148586263460467,0.08764260266125372,0.07898167402200104,0.032990871838215835,0.17111203451976797,1.0,0.018928248419499496,0.08694459513351037,0.05037536656006557,0.06188241481906101,0.010976356122036273,0.003977053014303419,0.05751160157257964,0.1527103786867373,0.0005201767359056664,0.3779174698876526,0.4724715042771772
EDAD_MADRE,0.13492410929442208,0.09847581061090148,0.11860003276489733,0.1219374088642132,0.057813636616252884,0.018928248419499496,1.0,0.0671579737260835,0.20468300454132884,0.19747735728318905,0.01841886451265082,0.02042743393188558,0.0734490662190449,0.00970347562318224,0.0017446773539095326,0.03402673205962242,0.0510786727453754
NUMCONSUL,0.23561704223933166,0.229258971608469,0.27720967940345626,0.2913562162597387,0.10993382791534777,0.08694459513351037,0.0671579737260835,1.0,0.03572314188817834,0.040573477456689155,0.07427310174718947,0.02262706867599891,0.11463656173326306,0.0872266546274792,0.00617961115311467,0.0510160682323941,0.05242773791129161
N_EMB,0.0710498860989071,0.062329941399328986,0.06606691094899741,0.09151852152561052,0.07878764834675067,0.05037536656006557,0.20468300454132884,0.03572314188817834,1.0,0.4935816708411029,0.017726592599050187,0.01795611948459809,0.06410888398359178,0.05688329137543731,0.0007965470910211661,0.0242979699100299,0.036285879907848345
N_HIJOSV,0.07935066877503115,0.06963148783493933,0.08001176383432698,0.09278900782246312,0.09707605038387158,0.06188241481906101,0.19747735728318905,0.040573477456689155,0.4935816708411029,1.0,0.01933372991195408,0.04848001358391912,0.07794326916364121,0.06725450543940256,0.000643775192824188,0.025979706808312117,0.03981144433333023
T_GES,0.051275400331177626,0.0513353964902665,0.03223620946824199,0.04165281066458031,0.022478153747253385,0.010976356122036273,0.01841886451265082,0.07427310174718947,0.017726592599050187,0.01933372991195408,1.0,0.10944915290070782,0.06709837486002873,0.021248068674303226,0.00849772330883101,0.03267056932036894,0.044033999636276695
MUL_PARTO,0.012649618149964107,0.01204188996236533,0.006330767645914667,0.009333232654808041,0.0016468103680945302,0.003977053014303419,0.02042743393188558,0.02262706867599891,0.01795611948459809,0.04848001358391912,0.10944915290070782,1.0,0.07008197869769711,0.0030105634507912016,0.0037424958680045387,0.006324937909024672,0.012920706411504043
TIPO_PARTO,0.13431407938390474,0.12699265076861885,0.10048058028789604,0.09240149895574923,0.07771545502089859,0.05751160157257964,0.0734490662190449,0.11463656173326306,0.06410888398359178,0.07794326916364121,0.06709837486002873,0.07008197869769711,1.0,0.07160705677744453,0.010944379757745579,0.13543172037274986,0.1621897158466451
SIT_PARTO,0.08514941458952392,0.08321430569630509,0.059110447650647394,0.030065883135407874,0.10258233980478133,0.1527103786867373,0.00970347562318224,0.0872266546274792,0.05688329137543731,0.06725450543940256,0.021248068674303226,0.0030105634507912016,0.07160705677744453,1.0,0.0023931937767093852,0.11365629273525109,0.1953921298699779
SEXO,0.0035515475433410466,0.0034933640377844523,0.0014789220210209213,0.0022219375434552437,0.000856263625548167,0.0005201767359056664,0.0017446773539095326,0.00617961115311467,0.0007965470910211661,0.000643775192824188,0.00849772330883101,0.0037424958680045387,0.010944379757745579,0.0023931937767093852,1.0,0.0019918861714539548,0.004114800843384127
DPTO_RES,0.06649753024864238,0.06765419704421817,0.17265862765216614,0.06653299657195455,0.2785773665136315,0.3779174698876526,0.03402673205962242,0.0510160682323941,0.0242979699100299,0.025979706808312117,0.03267056932036894,0.006324937909024672,0.13543172037274986,0.11365629273525109,0.0019918861714539548,1.0,0.9999676575540303
MUNI_RES,0.10259631691915706,0.10613867868587407,0.2367364757179283,0.0959632597823486,0.48514020391819596,0.4724715042771772,0.0510786727453754,0.05242773791129161,0.036285879907848345,0.03981144433333023,0.044033999636276695,0.012920706411504043,0.1621897158466451,0.1953921298699779,0.004114800843384127,0.9999676575540303,1.0
