termino,rm_total,rm_directo,prop_mediada_pct,atenua
EDUC4_MADRE: Primaria vs Ninguno o preescolar,0.8780791880320249,0.9693629382271205,76.1,True
EDUC4_MADRE: Secundaria vs Ninguno o preescolar,0.8230262174585885,0.9704209361300166,84.6,True
EDUC4_MADRE: Superior vs Ninguno o preescolar,0.7652385923777933,0.9740828893761052,90.2,True
ESTCIV5: Union libre vs Casada,1.0777930881865736,0.9991095238321093,101.2,True
ESTCIV5: Soltera vs Casada,1.2017985182718305,1.0520694873813528,72.4,True
ESTCIV5: Separada o divorciada vs Casada,1.1466358518549131,1.009661314284321,93.0,True
ESTCIV5: Viuda vs Casada,1.0487155744139964,0.9280370121294742,257.0,False
SEG4: Especial o de excepcion vs Contributivo,0.9619041672002274,0.9123105389563524,-136.3,False
SEG4: Subsidiado vs Contributivo,1.0487859800565547,0.9066490655087819,305.7,False
SEG4: No asegurado vs Contributivo,1.1035866751453451,0.7612559029929618,376.8,False
AREA_RES: Centro poblado vs Cabecera,0.9764009986967969,0.941379761865309,-152.9,False
AREA_RES: Rural disperso vs Cabecera,1.093638987680659,1.0545789102348604,40.6,True
EDAD3: 35 o mas vs 20 a 34,1.3604418622071637,1.4459594565313603,-19.8,False
EDAD3: menor de 20 vs 20 a 34,1.0867955103992355,0.987818867251166,114.7,True
PARIDAD4: 2 hijos vs 1 hijo,0.7827316792855268,0.7325456686089046,-27.1,False
PARIDAD4: 3 hijos vs 1 hijo,0.7503167925494311,0.6716380776102965,-38.6,False
PARIDAD4: 4 o mas vs 1 hijo,0.6878814754890762,0.5690664100366128,-50.7,False
MULTIPLE3: doble vs simple,25.173024071203656,27.476571854694665,-2.7,False
MULTIPLE3: triple o mas vs simple,20.934020606971934,23.15503241385085,-3.3,False
IDPERTET: Rom vs Indigena,0.8972817311525754,1.0471557013481787,142.5,True
IDPERTET: Raizal vs Indigena,1.0565267407830834,1.1922120145117936,-219.7,False
IDPERTET: Palenquero vs Indigena,0.8435116969609642,0.957197775917425,74.3,True
IDPERTET: Afrodescendiente vs Indigena,1.0013020182184174,1.1099101766884036,-7914.2,False
IDPERTET: Ninguna de las anteriores vs Indigena,1.010519172409496,1.1596746675569027,-1315.7,False
