termino,rm_sin_ajuste,rm_ajustado,cambio_pct
EDUC4_MADRE: Primaria vs Ninguno o preescolar,0.8565439952172252,0.8541799486964172,-0.28
EDUC4_MADRE: Secundaria vs Ninguno o preescolar,0.8577385466572826,0.8343159546562551,-2.73
EDUC4_MADRE: Superior vs Ninguno o preescolar,0.8741979890220001,0.8084423040877609,-7.52
ESTCIV5: Union libre vs Casada,1.0977763403909777,1.1311804135969914,3.04
ESTCIV5: Soltera vs Casada,1.2879633930140844,1.2567762999547887,-2.42
ESTCIV5: Separada o divorciada vs Casada,1.1444580077634374,1.1843690617437082,3.49
ESTCIV5: Viuda vs Casada,1.0749832261431396,1.094428086662197,1.81
SEG4: Especial o de excepcion vs Contributivo,1.031029340862309,1.0358862019800208,0.47
SEG4: Subsidiado vs Contributivo,1.0463268355622968,1.0730053496737753,2.55
SEG4: No asegurado vs Contributivo,0.9666037816269045,0.9890228661341324,2.32
AREA_RES: Centro poblado vs Cabecera,0.9694153405227715,0.9687753358196604,-0.07
AREA_RES: Rural disperso vs Cabecera,1.0982887125549443,1.0970798731682647,-0.11
