ANIO,Ninguno,Primaria,Secundaria,Superior
1998,4.657371699792347,3.9394278945430683,3.780089362979708,3.3430109169934976
1999,4.545127651923768,3.836367591192137,3.604855386992783,3.1747531534936457
2000,4.376597984659347,4.000875305445129,3.7723197179860524,3.497088340973857
2001,5.227849136873108,3.900279856074019,3.681503153154649,3.1927204705061745
2002,4.280226815438083,3.5469057511480426,3.286203986371735,2.7787374759389962
2003,4.326107445805843,3.4068538325538236,3.189664075800331,2.798059185540002
2004,3.8480970023576964,3.196453130200516,3.018993603495058,2.5650081674098275
2005,3.620071684587814,3.136556816017131,2.9793680565574956,2.4978071091433107
2006,3.647833241908941,3.2310962220595685,3.106818890298367,2.76305878932833
2007,4.100676311959592,3.2306060629182274,3.0492306466978922,2.6417371842426225
2008,4.086661874935825,3.0692052456944228,2.95818872913568,2.645667934203014
2009,3.9376351428246275,3.2150565483898816,3.045602910797536,2.618096607551792
2010,3.400309119010819,3.1932430859935614,3.0391399404928245,2.521533834262244
2011,3.0732860520094563,2.975281350482315,2.872097534295363,2.328020807689426
2012,3.5873850197109065,2.797374459683014,2.7187209793812843,2.0925782260149988
2013,3.765690376569038,2.661121174563829,2.483669263282915,1.9280932308455245
2014,3.5170969993021632,2.3405278206523112,2.255354314441154,1.9138495092693566
2015,2.9434789416001252,2.342670787108902,2.1938963108224048,1.7644001877556497
2016,3.9744021556079487,2.624106979300238,2.332143306596369,1.8139948622876951
2017,3.467210542830248,2.463579482193542,2.248837795131335,1.7911025769286624
2018,2.904191616766467,2.5160253755818,2.2091236129642455,1.764086787564767
2019,3.103799185888738,2.5971053280276086,2.255949061002775,1.6390615633494008
2020,3.1852302698316093,2.3629872280908386,2.0405522152618194,1.5978864744559031
2021,3.3217391304347825,2.554505473940301,2.0854257592081957,1.5614669094005018
2022,4.065676309616888,2.6559865092748733,2.1594035390450763,1.580278128950695
2023,4.1965199590583415,3.02880658436214,2.230174783465588,1.6482082261252191
2024,4.929101958136394,3.0984225570808483,2.313552884400554,1.6301315265045837
