ANIO,n,casos,p_pct,ic_inf_pct,ic_sup_pct
1998,655015,50056.0,7.641962397807683,7.577873306016618,7.706548320062094
1999,688975,50740.0,7.364563300555173,7.303125834390863,7.426476201564807
2000,697070,53420.0,7.663505817206307,7.601292042320834,7.7261862109474
2001,668203,52027.0,7.78610691661067,7.722102417263696,7.850596783427583
2002,649822,51353.0,7.902625642098913,7.837280812503929,7.968468190682014
2003,668053,53373.0,7.989336175423207,7.9245619599952395,8.054593530084762
2004,684698,55503.0,8.106201566237962,8.04178906602382,8.171084149316956
2005,691149,57032.0,8.251766261688868,8.187129459689048,8.316867140839783
2006,691381,59085.0,8.545939214412893,8.480271543698741,8.61206753759723
2007,690525,59798.0,8.65978784258354,8.593682562773733,8.72635307920668
2008,696179,61195.0,8.79012437893128,8.723838636126697,8.856864904677499
2009,683775,61850.0,9.045373112500457,8.977617367082399,9.11358902282342
2010,643656,58154.0,9.034950346147632,8.965158612120955,9.105231051339729
2011,658658,59160.0,8.981899559407157,8.913088190683332,9.051189381060547
2012,670879,59855.0,8.92187711942094,8.853900064460307,8.99032459904531
2013,652863,58118.0,8.90202079149837,8.833185030493967,8.971340192304309
2014,663940,57617.0,8.678043196674398,8.610567472929022,8.745997083136599
2015,655866,57522.0,8.770389073377792,8.702173329937239,8.839087784147019
2016,641076,58009.0,9.04869313466734,8.978713467444658,9.119163576201977
2017,649493,58746.0,9.044901176764029,8.975388039620844,9.114898773001261
2018,637947,58220.0,9.126149977976226,9.055728495684265,9.197063708891662
2019,625040,58594.0,9.374440035837708,9.302430464396242,9.446948968781168
2020,608633,55407.0,9.103515583282537,9.03150506896095,9.176042340296549
2021,598057,58503.0,9.782177952937596,9.707145479554729,9.85772707979989
2022,561858,58378.0,10.39016975819513,10.310654887246224,10.47022625528987
2023,504150,55009.0,10.911236735098681,10.82547135352612,10.997597799425815
2024,439899,49048.0,11.149832120554946,11.057160043315395,11.243182717258751
