ANIO,prev_28a36,prev_sem37,prev_38a41,sem37_Ninguno,sem37_Primaria,sem37_Secundaria,sem37_Superior
2008,54.347897341768004,13.361899282318385,2.958596731021129,10.456071399328584,9.195439697020968,9.482576126628189,10.44170129131252
2009,56.937677628907835,14.00288881213301,3.028388889891534,9.43849279645364,8.820325378054898,9.2822905185451,10.524569522902063
2010,57.93091977601597,14.332077564133927,2.9955849297915766,10.439217318900916,9.022858982614295,9.53758941827507,10.428145683889523
2011,58.020098730606485,13.95501796714579,2.8093044162265426,9.433054191933776,9.088790685674814,9.412949392548843,10.566737288135593
2014,58.55520387264941,12.928950471698114,2.2237779825708963,10.49618320610687,9.9165616803321,10.064629175819292,11.168227994622226
2015,59.12882455872109,13.295629820051413,2.1473280785099567,11.2430426716141,9.932533299387822,10.249608071765255,11.285043781907019
2016,59.07646866896776,13.657593815429218,2.306325995468423,11.188436830835117,10.32896845947079,10.484911494988271,11.337875952236603
2017,59.422292743682924,14.310727707550393,2.199041825330485,11.633663366336634,10.31200892178233,10.554176526795422,11.95070042247705
2018,59.17057177678219,14.585045193097782,2.1718785552466784,11.67823121251323,10.684942433991864,10.856592304715305,12.085103684444162
2019,59.45885509838998,15.20533655429889,2.1859649194295994,12.988862988862989,11.05480506754392,11.395802024672602,12.843050582271717
2021,57.335414532624426,14.99561865816644,2.043594632814957,13.565036960186747,12.77406646111682,12.82937608196929,14.519813963608671
2022,58.285464009568244,15.784015998814901,2.1012799747731736,13.894098975616794,13.856172234496736,14.120786163232346,15.564655768357156
2023,58.27951385657653,17.244331415477973,2.1827130213957426,14.602760164117868,14.956094417143317,15.546413156693827,16.79582702247458
2024,58.070853530931686,17.903060876678712,2.211673455511556,16.750781062244652,15.486022056937676,16.486669053974868,17.694959069366654
