ANIO,erreygers_nominal,sii_pp_nominal,erreygers_quintil,sii_pp_quintil
1998,0.0012294497142355532,0.2257850834352214,0.0016826256807355722,0.3128232081181
1999,0.0012284569689423042,0.22648569721393816,0.0014908559198442695,0.27798413950447204
2000,0.0018079580631353842,0.33507727949835076,0.0020358925104654313,0.3811819511287263
2001,0.0015963896438175305,0.2975567447457355,0.002101984934955836,0.3953921499828994
2002,0.0030416818950301794,0.5700818944007002,0.0033460271637480443,0.6323210852010825
2003,0.0031637769405705174,0.5960868117640974,0.003493187599555192,0.6629884542751275
2004,0.004418751623427808,0.8318059008868218,0.004735579799855838,0.8983155822234165
2005,0.004832332882738988,0.9199550170706958,0.005093890445908245,0.9759500518825563
2006,0.004851058117669171,0.9322493827401006,0.004990831644744564,0.9644652233213915
2007,0.00468775788716741,0.9083615722706785,0.005017497216994682,0.97732779844145
2008,0.005886156233149753,1.1225790832487483,0.006199334995490691,1.1869874129763445
2009,0.007255346716921129,1.4012186754603573,0.007442966814282859,1.4419759812891593
2010,0.006754481555539926,1.3121487127306266,0.006795222799556355,1.323575024099609
2011,0.00693944604522212,1.3650248758300232,0.007005856723867276,1.381662007909088
2012,0.005934741435679403,1.1852377515042756,0.006059428272066181,1.2125833129349486
2013,0.00388128382453895,0.7758740390242869,0.003990104060203392,0.799007736495393
2014,0.005260850137866535,1.0496331766175138,0.005330905463904523,1.0651128686902802
2015,0.0016129458547278765,0.3197298166904635,0.0016950211194703968,0.3363578131386926
2016,0.00044160898291556455,0.08758328794593094,0.0005249823605951165,0.10421463238903209
2017,0.00011888039229657199,0.023569012151649575,0.00024672786865376217,0.048960519140586106
2018,0.0020271425882975036,0.40025433774838937,0.0020562164942423133,0.40637471449279
2019,-0.00018798836044719994,-0.03720286413471563,-0.00014692816362643635,-0.029100537426960178
2020,-0.00016736022199154155,-0.03349115814232745,-0.00011631450557986202,-0.0232919836792869
2021,-0.0005768096904628095,-0.11501202760912169,-0.0005085054689982771,-0.10148036804833759
2022,-0.002811702813606598,-0.5525742656873963,-0.0027428013564372855,-0.5394039225558022
2023,-0.005811407149206971,-1.1323639370351786,-0.005800140407904553,-1.1307239370203388
2024,-0.006507470505135782,-1.258009232444536,-0.006443285504943719,-1.2460359833319496
