escenario,descripcion,n,niveles,prevalencia_pct,ci,erreygers,sii_pp,rii,r2,convergio,dif_erreygers,cambio_pct,mismo_signo,pct_muestra_base
Base,"analisis principal, 1998-2024",16820098,4,8.752327126750389,0.017403867960346018,0.006092973826388737,1.1659395390581513,1.1427210841777558,0.7449375390743437,True,0.0,0.0,True,100.0
Solo 2008-2024,"codificacion homogenea, sin cambio de formulario",10266550,4,9.263423447993727,0.00905789794015185,0.003356285766733469,0.6590782385891814,1.0737728645614946,0.5934758557162436,True,-0.002736688059655268,-44.915473751136794,True,61.03739704727047
Solo 1998-2007,regimen antiguo completo,6553548,4,7.9516622141166895,0.011620663359101462,0.0036961435894214967,0.6931578714800806,1.0911440211905266,0.47641213219899026,True,-0.00239683023696724,-39.33760927359546,True,38.962602952729526
Cobertura estable,"volumen >= 85 % del maximo, 24 anios",15350918,4,8.561409812755173,0.016502857055230295,0.005651508893245782,1.0816402740119013,1.1348579490710404,0.7238895096504765,True,-0.0004414649331429543,-7.245475620311459,True,91.26533032090538
Regimen 1998-2007,estratificado por ESQUEMA_CODIGOS,6553548,4,7.9516622141166895,0.011620663359101462,0.0036961435894214967,0.6931578714800806,1.0911440211905266,0.47641213219899026,True,-0.00239683023696724,-39.33760927359546,True,38.962602952729526
Regimen 2008-2011/2014-2019,estratificado por ESQUEMA_CODIGOS,6346266,4,8.963428258443628,0.010767959761297298,0.003860713392407844,0.7562890498866335,1.0880913285294866,0.6631551792729318,True,-0.0022322604339808927,-36.6366325801852,True,37.73025579280216
Regimen 2012-2013,estratificado por ESQUEMA_CODIGOS,1277994,4,8.90591035638665,0.013779688005718474,0.004908826644716202,0.9807488866892989,1.1165402770332642,0.7156071311809301,True,-0.0011841471816725346,-19.43463430852075,True,7.5980175620855475
Regimen 2020,estratificado por ESQUEMA_CODIGOS,590026,4,9.076549169019671,-0.00046096875275787656,-0.00016736022199154155,-0.03349115814232745,0.9963169391216138,0.007209090480426046,True,-0.006260334048380278,-102.74677401807804,False,3.507863033853905
Regimen 2021-2023,estratificado por ESQUEMA_CODIGOS,1622155,4,10.296673252556014,-0.006042231766834299,-0.0024885954487722795,-0.4899917280812949,0.9535185820516925,0.40076948005241897,True,-0.008581569275161016,-140.84369176171649,False,9.64414713873843
Regimen 2024,estratificado por ESQUEMA_CODIGOS,430109,4,11.111601942763347,-0.014641161865445293,-0.006507470505135782,-1.258009232444536,0.8928497240645779,0.6756671951975552,True,-0.012600444331524518,-206.80286327428252,False,2.5571135197904318
Partos institucionales,98.78 % de la muestra,16618695,4,8.76073602650509,0.016425329437059974,0.005755919013858635,1.1057915766293058,1.134723818268799,0.74508802701324,True,-0.00033705481253010205,-5.531860502507236,True,98.80260507400135
Quintil de tamano fijo,grupo superior = 20 % mas educado de cada anio,16820098,5,8.752327126750393,0.008458365230083616,0.002961215178048926,0.5057306853451569,1.0595014952938022,0.058359954651289875,True,-0.0031317586483398108,-51.39950929669399,True,100.0
