ANIO,n,prevalencia_global,ci,erreygers,wagstaff,sii_pp,rii,r2
1998,626861,0.07595782797143225,0.004046487857373797,0.0012294497142355532,0.004379115996936009,0.2257850834352214,1.030173512603838,0.07631780165772206
1999,664697,0.07308894127700291,0.004201924899577224,0.0012284569689423042,0.004533255763898431,0.22648569721393816,1.0314753576055002,0.17323644067128235
2000,671345,0.07599520365832768,0.00594760582280927,0.0018079580631353842,0.0064367694262595625,0.33507727949835076,1.045085858906562,0.3309289995344311
2001,637241,0.07745107424035805,0.005152897036855065,0.0015963896438175305,0.005585500013034089,0.2975567447457355,1.0391711236732954,0.07767152047002802
2002,624380,0.07861078189564047,0.009673233816285392,0.0030416818950301794,0.0104985315936156,0.5700818944007002,1.075248032205137,0.4038776358907622
2003,644964,0.07958118592665638,0.009938834486226173,0.0031637769405705174,0.01079816528547644,0.5960868117640974,1.0778173578234014,0.35772001993990804
2004,664728,0.08070218194509635,0.013688451529210176,0.004418751623427808,0.014890116413169443,0.8318059008868218,1.1086714976276493,0.5461486692839925
2005,674028,0.08214643902033744,0.014706458795927297,0.004832332882738988,0.016022663550196933,0.9199550170706958,1.1186324427627212,0.6286982529790521
2006,673944,0.08490319670477071,0.014284085599678576,0.004851058117669171,0.015609371105048253,0.9322493827401006,1.116179801857687,0.8025707206117997
2007,671360,0.08624433984747377,0.013588595771785948,0.00468775788716741,0.014871148124562871,0.9083615722706785,1.1111791214040945,0.44615234455622327
2008,680959,0.08753537290791369,0.016810793275942083,0.005886156233149753,0.01842350133562551,1.1225790832487483,1.137029435341832,0.5299747252629019
2009,664593,0.09016194874156062,0.020117540764668332,0.007255346716921129,0.02211112267380203,1.4012186754603573,1.168505112396765,0.767291069365466
2010,625344,0.09007842083717121,0.018746114476600212,0.006754481555539926,0.020601901203230646,1.3121487127306266,1.1571102975521428,0.9148402356567127
2011,636288,0.08974709565479783,0.019330558818064496,0.00693944604522212,0.02123647035432432,1.3650248758300232,1.1646155843657446,0.9452601838019127
2012,647071,0.08922513912692734,0.01662855752804411,0.005934741435679403,0.01825759388231676,1.1852377515042756,1.142287237263867,0.7477932693406006
2013,630923,0.08888881844535704,0.010916119407428355,0.00388128382453895,0.01198110574035763,0.7758740390242869,1.091269153605186,0.657287343984693
2014,642669,0.08677873057514833,0.015155931940346729,0.005260850137866535,0.016596122372283292,1.0496331766175138,1.1287410654620087,0.8635296882453398
2015,632211,0.08769856899041617,0.004597982251295747,0.0016129458547278765,0.005039981408565219,0.3197298166904635,1.0371347403152,0.2785316050107542
2016,619133,0.09001620007332833,0.0012264708534570007,0.00044160898291556455,0.0013477941624409492,0.08758328794593094,1.00977729025309,0.021281836644729896
2017,627895,0.09011379291123515,0.0003298063161476091,0.00011888039229657199,0.0003624698490626032,0.023569012151649575,1.0026188970408767,0.0006796893716024211
2018,614400,0.09120605468750001,0.005556491274738057,0.0020271425882975036,0.006114137647371087,0.40025433774838937,1.0448691565960047,0.6383023987030594
2019,602774,0.09342473298450164,-0.0005030476257245112,-0.00018798836044719994,-0.0005548878775179638,-0.03720286413471563,0.9960257913534829,0.014938261925523227
2020,590026,0.09076549169019671,-0.00046096875275787656,-0.00016736022199154155,-0.0005069855450325812,-0.03349115814232745,0.9963169391216138,0.007209090480426046
2021,583084,0.09762744304422691,-0.0014770685180229108,-0.0005768096904628095,-0.001636872161766445,-0.11501202760912169,0.9882882794346239,0.01920079007428126
2022,547454,0.10358130546128076,-0.006786221705464089,-0.002811702813606598,-0.007570370572153402,-0.5525742656873963,0.9480390668893849,0.3943329958611111
2023,491617,0.10861503975655845,-0.013376156658949395,-0.005811407149206971,-0.015006038081791621,-1.1323639370351786,0.900910478064675,0.9298065350165701
2024,430109,0.11111601942763347,-0.014641161865445293,-0.006507470505135782,-0.016471398051315558,-1.258009232444536,0.8928497240645779,0.6756671951975552
