ANIO,n,prevalencia_global,ci,erreygers,sii_pp,rii
1998,590092,0.07629318818082605,0.0192536891814561,0.00587570132758386,1.0029326474219395,1.1407061451136769
1999,628518,0.07355238831664328,0.0141573433807554,0.004165225671493522,0.7045597420355791,1.1006088634811209
2000,637798,0.07611187241101414,0.012649565156129364,0.003851128356872513,0.6507215281236206,1.0893133442272185
2001,617523,0.07721655711609121,0.014982141623409979,0.004627477577541617,0.7830875968361054,1.1068316017695286
2002,600591,0.07803813243954705,0.01843125612398124,0.005753363225721842,0.9752589074712955,1.1333015866516516
2003,624782,0.0792932574882119,0.014293191225984464,0.004533414768840949,0.76735247623295,1.1016946884617869
2004,654341,0.0810021074638453,0.01770633153119261,0.005737000677920545,0.9715194712221956,1.127588905601681
2005,667178,0.08247873880733478,0.015572050058932191,0.0051374521980216414,0.8737793456958008,1.1118654605412819
2006,668581,0.08545561420381376,0.02190824268472236,0.007488729338996636,1.2988688842201173,1.1644944271785858
2007,665751,0.08681624210853607,0.016197555397981168,0.005624843563990234,0.9851820534142917,1.1203050508235273
2008,683625,0.08809215578716402,0.017727214499258133,0.006246514165364481,1.1271795830212266,1.1367003077886702
2009,676059,0.09066072635672331,0.02188437753542339,0.007936214252904972,1.4476780625563417,1.1735360253869895
2010,639768,0.09044059721649098,0.021057232339808434,0.00761771467415473,1.3939411617261956,1.1669972775197817
2011,658128,0.08983966644786424,0.017649170917340345,0.006342382513180811,1.186984945174451,1.141468160298661
2012,670835,0.08922015100583602,0.01368947458628024,0.0048855079591139106,0.9333497145280544,1.1103858257230368
2013,652843,0.08902293507014702,0.017204827589153853,0.00612649699744927,1.1857387512827235,1.1426980657788075
2014,663936,0.08678095479082322,0.018601478968893206,0.006457016421767881,1.26293188859741,1.1569516631948897
2015,655859,0.08770482679966274,0.01561130585160141,0.005476747503325052,1.0721632890942108,1.1302053767459763
2016,641075,0.09048707249541785,0.013502478113663932,0.004887198863755604,0.9586775153904005,1.1118725978819262
2017,649493,0.09044901176764031,0.022953357135531677,0.008304433878634221,1.6366425597526342,1.198945683414782
2018,637947,0.09126149977976225,0.024093311010502216,0.008795166789914766,1.7032800949224536,1.2058466433934707
2019,625040,0.09374440035837706,0.021419130906174644,0.008031694331987693,1.512733969119636,1.1755304184727615
2020,608633,0.09103515583282537,0.015942515280594424,0.0058053174517444526,1.0845134941180496,1.126676872509609
2021,598057,0.09782177952937596,0.02268412639221382,0.008876006443022555,1.6824204378078185,1.1881698366278302
2022,561858,0.10390169758195131,0.01699008728483146,0.0070611956438380585,1.3684779602932153,1.1409939954845179
2023,504150,0.10911236735098681,0.007418672973742932,0.003237875883071506,0.6421836747940702,1.0606397439314963
2024,439899,0.11149832120554948,0.014260267270488952,0.006359983442407846,1.2608242046635,1.1198568174366388
