variable,concepto,v_cramer,chi2,gl,n,categorias,completitud_pct
T_GES,"Tiempo de gestacion (semanas, bandeado)",0.46450541774547,3749326.9017828046,4,17376860,5,100.0
MUL_PARTO,Multiplicidad del parto,0.24189385349875622,1009745.4429868442,3,17256828,4,99.31
TIPO_PARTO,Tipo de parto,0.09956746215940918,171896.8047237923,3,17339053,4,99.78
NUMCONSUL,,0.09192405125599461,137811.74903425842,54,16302633,55,93.82
MUNI_RES,Municipio de residencia (DIVIPOLA),0.07642855191399345,102659.85572776613,1156,17376860,1157,100.0
DPTO_RES,Departamento de residencia de la madre,0.0685433057268082,81671.69413159239,32,17376860,33,100.0
EDAD_MADRE,,0.03277781221072291,18639.38792414106,8,17341446,9,99.8
EST_CIVM,Estado conyugal de la madre,0.02785751544539422,13192.203136146238,5,16992918,6,97.79
N_EMB,,0.027712926872438513,13276.974981763462,23,17257639,24,99.31
SEXO,Sexo del nacido vivo,0.026648527083443476,12342.072083386323,2,17376860,3,100.0
NIV_EDUP,Nivel educativo del padre,0.025916611576866984,10332.613700830989,21,15352186,22,88.35
NIV_EDUM,Nivel educativo de la madre,0.023958778836029534,9676.123942825277,21,16820098,22,96.8
N_HIJOSV,,0.022335311676804897,8631.753838407065,26,17250628,27,99.27
SEG_SOCIAL,Regimen de seguridad social de la madre,0.02054928643607917,7171.3059070841955,4,16973151,5,97.68
AREA_RES,Area de residencia de la madre,0.014944219349767227,3852.2579355324747,2,17240243,3,99.21
SIT_PARTO,Sitio del parto,0.011682344706428238,2373.3276774426686,2,17375270,3,99.99
IDPERTET,Reconocimiento etnico del nacido vivo,0.0031063700929346533,105.39724770787461,5,10404362,6,59.87
